<anim ver="netanim-3.108" filetype="animation" >
<node id="0" sysId="0" locX="0" locY="0" />
<node id="1" sysId="0" locX="5" locY="0" />
<node id="2" sysId="0" locX="10" locY="0" />
<node id="3" sysId="0" locX="0" locY="10" />
<node id="4" sysId="0" locX="5" locY="10" />
<nu p="c" t="0" id="0" r="255" g="0" b="0" />
<nu p="c" t="0" id="1" r="255" g="0" b="0" />
<nu p="c" t="0" id="2" r="255" g="0" b="0" />
<nu p="c" t="0" id="3" r="255" g="0" b="0" />
<nu p="c" t="0" id="4" r="255" g="0" b="0" />
<nonp2plinkproperties id="0" ipAddress="192.168.1.1~00:00:00:00:00:01" channelType="ns3::YansWifiChannel" />
<nonp2plinkproperties id="0" ipAddress="127.0.0.1~00:00:00:00:00:00" channelType="Unknown channel" />
<nonp2plinkproperties id="1" ipAddress="192.168.1.2~00:00:00:00:00:02" channelType="ns3::YansWifiChannel" />
<nonp2plinkproperties id="1" ipAddress="127.0.0.1~00:00:00:00:00:00" channelType="Unknown channel" />
<nonp2plinkproperties id="2" ipAddress="192.168.1.3~00:00:00:00:00:03" channelType="ns3::YansWifiChannel" />
<nonp2plinkproperties id="2" ipAddress="127.0.0.1~00:00:00:00:00:00" channelType="Unknown channel" />
<nonp2plinkproperties id="3" ipAddress="192.168.1.4~00:00:00:00:00:04" channelType="ns3::YansWifiChannel" />
<nonp2plinkproperties id="3" ipAddress="127.0.0.1~00:00:00:00:00:00" channelType="Unknown channel" />
<nonp2plinkproperties id="4" ipAddress="192.168.1.5~00:00:00:00:00:05" channelType="ns3::YansWifiChannel" />
<nonp2plinkproperties id="4" ipAddress="127.0.0.1~00:00:00:00:00:00" channelType="Unknown channel" />
<ip n="0" >
<address >192.168.1.1</address>

<address >192.168.1.6</address>

<address >127.0.0.1</address>

</ip>
<ip n="0" >
<address >192.168.1.1</address>

<address >192.168.1.6</address>

<address >127.0.0.1</address>

</ip>
<ip n="0" >
<address >192.168.1.1</address>

<address >192.168.1.6</address>

<address >127.0.0.1</address>

</ip>
<ip n="1" >
<address >192.168.1.2</address>

<address >192.168.1.7</address>

<address >127.0.0.1</address>

</ip>
<ip n="1" >
<address >192.168.1.2</address>

<address >192.168.1.7</address>

<address >127.0.0.1</address>

</ip>
<ip n="1" >
<address >192.168.1.2</address>

<address >192.168.1.7</address>

<address >127.0.0.1</address>

</ip>
<ip n="2" >
<address >192.168.1.3</address>

<address >192.168.1.8</address>

<address >127.0.0.1</address>

</ip>
<ip n="2" >
<address >192.168.1.3</address>

<address >192.168.1.8</address>

<address >127.0.0.1</address>

</ip>
<ip n="2" >
<address >192.168.1.3</address>

<address >192.168.1.8</address>

<address >127.0.0.1</address>

</ip>
<ip n="3" >
<address >192.168.1.4</address>

<address >192.168.1.9</address>

<address >127.0.0.1</address>

</ip>
<ip n="3" >
<address >192.168.1.4</address>

<address >192.168.1.9</address>

<address >127.0.0.1</address>

</ip>
<ip n="3" >
<address >192.168.1.4</address>

<address >192.168.1.9</address>

<address >127.0.0.1</address>

</ip>
<ip n="4" >
<address >192.168.1.5</address>

<address >192.168.1.10</address>

<address >127.0.0.1</address>

</ip>
<ip n="4" >
<address >192.168.1.5</address>

<address >192.168.1.10</address>

<address >127.0.0.1</address>

</ip>
<ip n="4" >
<address >192.168.1.5</address>

<address >192.168.1.10</address>

<address >127.0.0.1</address>

</ip>
<ipv6 n="0" >
<address >::1</address>

</ipv6>
<ipv6 n="1" >
<address >::1</address>

</ipv6>
<ipv6 n="2" >
<address >::1</address>

</ipv6>
<ipv6 n="3" >
<address >::1</address>

</ipv6>
<ipv6 n="4" >
<address >::1</address>

</ipv6>
<nu p="s" t="0" id="0" w="1" h="1" />
<nu p="s" t="0" id="1" w="1" h="1" />
<nu p="s" t="0" id="2" w="1" h="1" />
<nu p="s" t="0" id="3" w="1" h="1" />
<nu p="s" t="0" id="4" w="1" h="1" />
<ncs ncId="0" n="RemainingEnergy" t="DOUBLE" />
<nu p="d" t="0" id="0" descr="SRV-0" />
<nu p="c" t="0" id="0" r="255" g="0" b="0" />
<nu p="d" t="0" id="3" descr="CLI-3" />
<nu p="c" t="0" id="3" r="0" g="255" b="0" />
<nu p="d" t="0" id="4" descr="CLI-4" />
<nu p="c" t="0" id="4" r="0" g="255" b="0" />
<nu p="d" t="0" id="1" descr="HOC-1" />
<nu p="c" t="0" id="1" r="0" g="0" b="255" />
<nu p="d" t="0" id="2" descr="HOC-2" />
<nu p="c" t="0" id="2" r="0" g="0" b="255" />
<ncs ncId="1" n="WifiMac Tx" t="DOUBLE" />
<ncs ncId="2" n="WifiMac TxDrop" t="DOUBLE" />
<ncs ncId="3" n="WifiMac Rx" t="DOUBLE" />
<ncs ncId="4" n="WifiMac RxDrop" t="DOUBLE" />
<nc c="1" i="0" t="0" v="0" />
<nc c="2" i="0" t="0" v="0" />
<nc c="3" i="0" t="0" v="0" />
<nc c="4" i="0" t="0" v="0" />
<nc c="1" i="1" t="0" v="0" />
<nc c="2" i="1" t="0" v="0" />
<nc c="3" i="1" t="0" v="0" />
<nc c="4" i="1" t="0" v="0" />
<nc c="1" i="2" t="0" v="0" />
<nc c="2" i="2" t="0" v="0" />
<nc c="3" i="2" t="0" v="0" />
<nc c="4" i="2" t="0" v="0" />
<nc c="1" i="3" t="0" v="0" />
<nc c="2" i="3" t="0" v="0" />
<nc c="3" i="3" t="0" v="0" />
<nc c="4" i="3" t="0" v="0" />
<nc c="1" i="4" t="0" v="0" />
<nc c="2" i="4" t="0" v="0" />
<nc c="3" i="4" t="0" v="0" />
<nc c="4" i="4" t="0" v="0" />
<ncs ncId="5" n="WifiPhy TxDrop" t="DOUBLE" />
<ncs ncId="6" n="WifiPhy RxDrop" t="DOUBLE" />
<nc c="5" i="0" t="0" v="0" />
<nc c="6" i="0" t="0" v="0" />
<nc c="5" i="1" t="0" v="0" />
<nc c="6" i="1" t="0" v="0" />
<nc c="5" i="2" t="0" v="0" />
<nc c="6" i="2" t="0" v="0" />
<nc c="5" i="3" t="0" v="0" />
<nc c="6" i="3" t="0" v="0" />
<nc c="5" i="4" t="0" v="0" />
<nc c="6" i="4" t="0" v="0" />
<nu p="p" t="0" id="0" x="0" y="0" />
<nu p="p" t="0" id="1" x="5" y="0" />
<nu p="p" t="0" id="2" x="10" y="0" />
<nu p="p" t="0" id="3" x="0" y="10" />
<nu p="p" t="0" id="4" x="5" y="10" />
<nc c="1" i="0" t="0" v="0" />
<nc c="2" i="0" t="0" v="0" />
<nc c="3" i="0" t="0" v="0" />
<nc c="4" i="0" t="0" v="0" />
<nc c="1" i="1" t="0" v="0" />
<nc c="2" i="1" t="0" v="0" />
<nc c="3" i="1" t="0" v="0" />
<nc c="4" i="1" t="0" v="0" />
<nc c="1" i="2" t="0" v="0" />
<nc c="2" i="2" t="0" v="0" />
<nc c="3" i="2" t="0" v="0" />
<nc c="4" i="2" t="0" v="0" />
<nc c="1" i="3" t="0" v="0" />
<nc c="2" i="3" t="0" v="0" />
<nc c="3" i="3" t="0" v="0" />
<nc c="4" i="3" t="0" v="0" />
<nc c="1" i="4" t="0" v="0" />
<nc c="2" i="4" t="0" v="0" />
<nc c="3" i="4" t="0" v="0" />
<nc c="4" i="4" t="0" v="0" />
<nc c="5" i="0" t="0" v="0" />
<nc c="6" i="0" t="0" v="0" />
<nc c="5" i="1" t="0" v="0" />
<nc c="6" i="1" t="0" v="0" />
<nc c="5" i="2" t="0" v="0" />
<nc c="6" i="2" t="0" v="0" />
<nc c="5" i="3" t="0" v="0" />
<nc c="6" i="3" t="0" v="0" />
<nc c="5" i="4" t="0" v="0" />
<nc c="6" i="4" t="0" v="0" />
<nu p="p" t="0.25" id="0" x="0.5410980133" y="0.5681720633" />
<nu p="p" t="0.25" id="1" x="5.698954718" y="0.02795196429" />
<nu p="p" t="0.25" id="2" x="9.966250999" y="0.5877652775" />
<nu p="p" t="0.25" id="3" x="-0.5436467312" y="10.10531612" />
<nu p="p" t="0.25" id="4" x="4.230306026" y="10.46207764" />
<nu p="p" t="0.278475778" id="4" x="4.142635487" y="10.51470972" />
<nu p="p" t="0.318631268" id="0" x="0.6896429844" y="0.7241495398" />
<nu p="p" t="0.357391291" id="1" x="5.999201315" y="0.03995915441" />
<nu p="p" t="0.424640423" id="2" x="9.94267524" y="0.9983555843" />
<nu p="p" t="0.451464183" id="3" x="-0.9817481093" y="10.19018583" />
<nu p="p" t="0.5" id="1" x="6.46047401" y="-0.08134508298" />
<nu p="p" t="0.5" id="2" x="10.18386677" y="1.109880642" />
<nu p="p" t="0.5" id="3" x="-1.100326192" y="10.13020964" />
<nu p="p" t="0.5" id="4" x="3.35797183" y="10.29213382" />
<nu p="p" t="0.550077797" id="4" x="3.180590652" y="10.24181828" />
<nu p="p" t="0.656388786" id="1" x="6.966318831" y="-0.2143707766" />
<nu p="p" t="0.70823745" id="2" x="10.8503396" y="1.418052403" />
<nu p="p" t="0.739174299" id="0" x="-0.2764779363" y="0.982239385" />
<nu p="p" t="0.75" id="1" x="7.211649892" y="-0.4172866254" />
<nu p="p" t="0.75" id="3" x="-1.71110237" y="9.821282211" />
<nu p="p" t="0.75" id="4" x="3.204387625" y="9.714850228" />
<nu p="p" t="0.816716321" id="3" x="-1.874097328" y="9.738840203" />
<nu p="p" t="0.929073576" id="4" x="3.225702962" y="9.242836356" />
<nu p="p" t="0.950417622" id="1" x="7.736893245" y="-0.8517208151" />
<nc c="1" i="0" t="1" v="0" />
<nc c="2" i="0" t="1" v="0" />
<nc c="3" i="0" t="1" v="0" />
<nc c="4" i="0" t="1" v="0" />
<nc c="1" i="1" t="1" v="0" />
<nc c="2" i="1" t="1" v="0" />
<nc c="3" i="1" t="1" v="0" />
<nc c="4" i="1" t="1" v="0" />
<nc c="1" i="2" t="1" v="0" />
<nc c="2" i="2" t="1" v="0" />
<nc c="3" i="2" t="1" v="0" />
<nc c="4" i="2" t="1" v="0" />
<nc c="1" i="3" t="1" v="0" />
<nc c="2" i="3" t="1" v="0" />
<nc c="3" i="3" t="1" v="0" />
<nc c="4" i="3" t="1" v="0" />
<nc c="1" i="4" t="1" v="0" />
<nc c="2" i="4" t="1" v="0" />
<nc c="3" i="4" t="1" v="0" />
<nc c="4" i="4" t="1" v="0" />
<nc c="5" i="0" t="1" v="0" />
<nc c="6" i="0" t="1" v="0" />
<nc c="5" i="1" t="1" v="0" />
<nc c="6" i="1" t="1" v="0" />
<nc c="5" i="2" t="1" v="0" />
<nc c="6" i="2" t="1" v="0" />
<nc c="5" i="3" t="1" v="0" />
<nc c="6" i="3" t="1" v="0" />
<nc c="5" i="4" t="1" v="0" />
<nc c="6" i="4" t="1" v="0" />
<nu p="p" t="1" id="0" x="0.5309610335" y="0.746893624" />
<nu p="p" t="1" id="2" x="11.74911216" y="1.692735862" />
<pr uId="1" fId="4" fbTx="1.00405" meta-info="ns3::WifiMacHeader (DATA ToDS=0, FromDS=0, MoreFrag=0, Retry=0, MoreData=0 Duration/ID=0us, DA=ff:ff:ff:ff:ff:ff, SA=00:00:00:00:00:05, BSSID=00:00:00:00:00:05, FragNumber=0, SeqNumber=0) ns3::LlcSnapHeader (type 0x806) ns3::ArpHeader (request source mac: 00-06-00:00:00:00:00:05 source ipv4: 192.168.1.5 dest ipv4: 192.168.1.1) ns3::WifiMacTrailer ()" />
<wpr uId="1" tId="3" fbRx="1.004054015" lbRx="0" />
<wpr uId="1" tId="0" fbRx="1.00405403" lbRx="0" />
<wpr uId="1" tId="1" fbRx="1.004054036" lbRx="0" />
<wpr uId="1" tId="2" fbRx="1.004054037" lbRx="0" />
<pr uId="2" fId="0" fbTx="1.00480403" meta-info="ns3::WifiMacHeader (DATA ToDS=0, FromDS=0, MoreFrag=0, Retry=0, MoreData=0 Duration/ID=314us, DA=00:00:00:00:00:05, SA=00:00:00:00:00:01, BSSID=00:00:00:00:00:01, FragNumber=0, SeqNumber=0) ns3::LlcSnapHeader (type 0x806) ns3::ArpHeader (reply source mac: 00-06-00:00:00:00:00:01 source ipv4: 192.168.1.1 dest mac: 00-06-00:00:00:00:00:05 dest ipv4: 192.168.1.5) ns3::WifiMacTrailer ()" />
<wpr uId="2" tId="1" fbRx="1.004808055" lbRx="0" />
<wpr uId="2" tId="3" fbRx="1.00480806" lbRx="0" />
<wpr uId="2" tId="4" fbRx="1.00480806" lbRx="0" />
<wpr uId="2" tId="2" fbRx="1.004808068" lbRx="0" />
<pr uId="3" fId="4" fbTx="1.00551806" meta-info="ns3::WifiMacHeader (CTL_ACK Duration/ID=0us, RA=00:00:00:00:00:01) ns3::WifiMacTrailer ()" />
<wpr uId="3" tId="3" fbRx="1.005522075" lbRx="0" />
<wpr uId="3" tId="0" fbRx="1.00552209" lbRx="0" />
<wpr uId="3" tId="1" fbRx="1.005522096" lbRx="0" />
<wpr uId="3" tId="2" fbRx="1.005522097" lbRx="0" />
<pr uId="4" fId="4" fbTx="1.00597206" meta-info="ns3::WifiMacHeader (CTL_RTS Duration/ID=5438us, RA=00:00:00:00:00:01, TA=00:00:00:00:00:05) ns3::WifiMacTrailer ()" />
<wpr uId="4" tId="3" fbRx="1.005976075" lbRx="0" />
<wpr uId="4" tId="0" fbRx="1.00597609" lbRx="0" />
<wpr uId="4" tId="1" fbRx="1.005976096" lbRx="0" />
<wpr uId="4" tId="2" fbRx="1.005976097" lbRx="0" />
<pr uId="5" fId="0" fbTx="1.00633409" meta-info="ns3::WifiMacHeader (CTL_CTS Duration/ID=5124us, RA=00:00:00:00:00:05) ns3::WifiMacTrailer ()" />
<wpr uId="5" tId="1" fbRx="1.006338115" lbRx="0" />
<wpr uId="5" tId="3" fbRx="1.00633812" lbRx="0" />
<wpr uId="5" tId="4" fbRx="1.00633812" lbRx="0" />
<wpr uId="5" tId="2" fbRx="1.006338128" lbRx="0" />
<pr uId="6" fId="4" fbTx="1.00664812" meta-info="ns3::WifiMacHeader (DATA ToDS=0, FromDS=0, MoreFrag=0, Retry=0, MoreData=0 Duration/ID=314us, DA=00:00:00:00:00:01, SA=00:00:00:00:00:05, BSSID=00:00:00:00:00:05, FragNumber=0, SeqNumber=1) ns3::LlcSnapHeader (type 0x800) ns3::Ipv4Header (tos 0x0 DSCP Default ECN Not-ECT ttl 64 id 0 protocol 17 offset (bytes) 0 flags [none] length: 540 192.168.1.5 &gt; 192.168.1.1) ns3::UdpHeader (length: 520 49153 &gt; 20) Payload (size=512) ns3::WifiMacTrailer ()" />
<wpr uId="6" tId="3" fbRx="1.006652135" lbRx="0" />
<wpr uId="6" tId="0" fbRx="1.00665215" lbRx="0" />
<wpr uId="6" tId="1" fbRx="1.006652156" lbRx="0" />
<wpr uId="6" tId="2" fbRx="1.006652157" lbRx="0" />
<pr uId="7" fId="0" fbTx="1.01145815" meta-info="ns3::WifiMacHeader (CTL_ACK Duration/ID=0us, RA=00:00:00:00:00:05) ns3::WifiMacTrailer ()" />
<wpr uId="7" tId="1" fbRx="1.011462175" lbRx="0" />
<wpr uId="7" tId="3" fbRx="1.01146218" lbRx="0" />
<wpr uId="7" tId="4" fbRx="1.01146218" lbRx="0" />
<wpr uId="7" tId="2" fbRx="1.011462188" lbRx="0" />
<nu p="p" t="1.018685842" id="2" x="11.80667377" y="1.710327878" />
<pr uId="8" fId="0" fbTx="1.01949815" meta-info="ns3::WifiMacHeader (DATA ToDS=0, FromDS=0, MoreFrag=0, Retry=0, MoreData=0 Duration/ID=0us, DA=ff:ff:ff:ff:ff:ff, SA=00:00:00:00:00:01, BSSID=00:00:00:00:00:01, FragNumber=0, SeqNumber=1) ns3::LlcSnapHeader (type 0x806) ns3::ArpHeader (request source mac: 00-06-00:00:00:00:00:01 source ipv4: 192.168.1.1 dest ipv4: 192.168.1.5) ns3::WifiMacTrailer ()" />
<wpr uId="8" tId="1" fbRx="1.019502175" lbRx="0" />
<wpr uId="8" tId="3" fbRx="1.01950218" lbRx="0" />
<wpr uId="8" tId="4" fbRx="1.01950218" lbRx="0" />
<wpr uId="8" tId="2" fbRx="1.019502188" lbRx="0" />
<pr uId="9" fId="4" fbTx="1.02025218" meta-info="ns3::WifiMacHeader (DATA ToDS=0, FromDS=0, MoreFrag=0, Retry=0, MoreData=0 Duration/ID=314us, DA=00:00:00:00:00:01, SA=00:00:00:00:00:05, BSSID=00:00:00:00:00:05, FragNumber=0, SeqNumber=2) ns3::LlcSnapHeader (type 0x806) ns3::ArpHeader (reply source mac: 00-06-00:00:00:00:00:05 source ipv4: 192.168.1.5 dest mac: 00-06-00:00:00:00:00:01 dest ipv4: 192.168.1.1) ns3::WifiMacTrailer ()" />
<wpr uId="9" tId="3" fbRx="1.020256195" lbRx="0" />
<wpr uId="9" tId="0" fbRx="1.02025621" lbRx="0" />
<wpr uId="9" tId="1" fbRx="1.020256216" lbRx="0" />
<wpr uId="9" tId="2" fbRx="1.020256217" lbRx="0" />
<pr uId="10" fId="0" fbTx="1.02096621" meta-info="ns3::WifiMacHeader (CTL_ACK Duration/ID=0us, RA=00:00:00:00:00:05) ns3::WifiMacTrailer ()" />
<wpr uId="10" tId="1" fbRx="1.020970235" lbRx="0" />
<wpr uId="10" tId="3" fbRx="1.02097024" lbRx="0" />
<wpr uId="10" tId="4" fbRx="1.02097024" lbRx="0" />
<wpr uId="10" tId="2" fbRx="1.020970248" lbRx="0" />
<pr uId="11" fId="0" fbTx="1.02134021" meta-info="ns3::WifiMacHeader (CTL_RTS Duration/ID=5438us, RA=00:00:00:00:00:05, TA=00:00:00:00:00:01) ns3::WifiMacTrailer ()" />
<wpr uId="11" tId="1" fbRx="1.021344235" lbRx="0" />
<wpr uId="11" tId="3" fbRx="1.02134424" lbRx="0" />
<wpr uId="11" tId="4" fbRx="1.02134424" lbRx="0" />
<wpr uId="11" tId="2" fbRx="1.021344248" lbRx="0" />
<pr uId="12" fId="4" fbTx="1.02170224" meta-info="ns3::WifiMacHeader (CTL_CTS Duration/ID=5124us, RA=00:00:00:00:00:01) ns3::WifiMacTrailer ()" />
<wpr uId="12" tId="3" fbRx="1.021706255" lbRx="0" />
<wpr uId="12" tId="0" fbRx="1.02170627" lbRx="0" />
<wpr uId="12" tId="1" fbRx="1.021706276" lbRx="0" />
<wpr uId="12" tId="2" fbRx="1.021706277" lbRx="0" />
<pr uId="13" fId="0" fbTx="1.02201627" meta-info="ns3::WifiMacHeader (DATA ToDS=0, FromDS=0, MoreFrag=0, Retry=0, MoreData=0 Duration/ID=314us, DA=00:00:00:00:00:05, SA=00:00:00:00:00:01, BSSID=00:00:00:00:00:01, FragNumber=0, SeqNumber=2) ns3::LlcSnapHeader (type 0x800) ns3::Ipv4Header (tos 0x0 DSCP Default ECN Not-ECT ttl 64 id 0 protocol 17 offset (bytes) 0 flags [none] length: 540 192.168.1.1 &gt; 192.168.1.5) ns3::UdpHeader (length: 520 20 &gt; 49153) Payload (size=512) ns3::WifiMacTrailer ()" />
<wpr uId="13" tId="1" fbRx="1.022020295" lbRx="0" />
<wpr uId="13" tId="3" fbRx="1.0220203" lbRx="0" />
<wpr uId="13" tId="4" fbRx="1.0220203" lbRx="0" />
<wpr uId="13" tId="2" fbRx="1.022020308" lbRx="0" />
<pr uId="14" fId="4" fbTx="1.0268263" meta-info="ns3::WifiMacHeader (CTL_ACK Duration/ID=0us, RA=00:00:00:00:00:01) ns3::WifiMacTrailer ()" />
<wpr uId="14" tId="3" fbRx="1.026830315" lbRx="0" />
<wpr uId="14" tId="0" fbRx="1.02683033" lbRx="0" />
<wpr uId="14" tId="1" fbRx="1.026830336" lbRx="0" />
<wpr uId="14" tId="2" fbRx="1.026830337" lbRx="0" />
<nu p="p" t="1.049297774" id="0" x="0.6835723126" y="0.7024117264" />
<nu p="p" t="1.076128102" id="3" x="-0.8770518483" y="9.662026744" />
<nu p="p" t="1.249567057" id="1" x="8.444473614" y="-0.1450879399" />
<nu p="p" t="1.25" id="0" x="1.199015876" y="0.7039668517" />
<nu p="p" t="1.25" id="2" x="12.46577157" y="2.237784563" />
<nu p="p" t="1.25" id="3" x="-1.173960905" y="9.435596202" />
<nu p="p" t="1.292700043" id="2" x="12.58743945" y="2.335151811" />
<nu p="p" t="1.345539265" id="4" x="4.209241871" y="9.062139877" />
<nu p="p" t="1.438673696" id="0" x="1.683567762" y="0.7054287748" />
<nu p="p" t="1.5" id="1" x="7.683876482" y="-0.693837174" />
<nu p="p" t="1.5" id="2" x="12.88893744" y="1.692510202" />
<nu p="p" t="1.5" id="4" x="3.918342312" y="9.215631809" />
<nu p="p" t="1.516585047" id="1" x="7.633505556" y="-0.7301783667" />
<nu p="p" t="1.541776225" id="3" x="-1.672207056" y="9.055620776" />
<nu p="p" t="1.584732858" id="2" x="13.01217329" y="1.429833543" />
<nu p="p" t="1.736717161" id="0" x="2.224443594" y="1.546531226" />
<nu p="p" t="1.75" id="1" x="8.12167607" y="-0.7794612274" />
<nu p="p" t="1.75" id="2" x="12.67277065" y="1.719510056" />
<nu p="p" t="1.75" id="3" x="-1.519061783" y="8.569293221" />
<nu p="p" t="1.815152079" id="4" x="3.324808942" y="9.528807204" />
<nu p="p" t="1.950161804" id="3" x="-1.371845961" y="8.101795209" />
<nu p="p" t="1.95510955" id="2" x="12.25154521" y="2.079021442" />
<nu p="p" t="1.992309223" id="1" x="8.628448306" y="-0.83062201" />
<nc c="1" i="0" t="2" v="3" />
<nc c="2" i="0" t="2" v="0" />
<nc c="3" i="0" t="2" v="3" />
<nc c="4" i="0" t="2" v="0" />
<nc c="1" i="1" t="2" v="0" />
<nc c="2" i="1" t="2" v="0" />
<nc c="3" i="1" t="2" v="2" />
<nc c="4" i="1" t="2" v="0" />
<nc c="1" i="2" t="2" v="0" />
<nc c="2" i="2" t="2" v="0" />
<nc c="3" i="2" t="2" v="2" />
<nc c="4" i="2" t="2" v="0" />
<nc c="1" i="3" t="2" v="0" />
<nc c="2" i="3" t="2" v="0" />
<nc c="3" i="3" t="2" v="2" />
<nc c="4" i="3" t="2" v="0" />
<nc c="1" i="4" t="2" v="3" />
<nc c="2" i="4" t="2" v="0" />
<nc c="3" i="4" t="2" v="3" />
<nc c="4" i="4" t="2" v="0" />
<nc c="5" i="0" t="2" v="0" />
<nc c="6" i="0" t="2" v="0" />
<nc c="5" i="1" t="2" v="0" />
<nc c="6" i="1" t="2" v="0" />
<nc c="5" i="2" t="2" v="0" />
<nc c="6" i="2" t="2" v="0" />
<nc c="5" i="3" t="2" v="0" />
<nc c="6" i="3" t="2" v="0" />
<nc c="5" i="4" t="2" v="0" />
<nc c="6" i="4" t="2" v="0" />
<nu p="p" t="2" id="0" x="1.595274165" y="2.163741625" />
<nu p="p" t="2" id="3" x="-1.218960703" y="7.99719563" />
<pr uId="15" fId="4" fbTx="2.00005" meta-info="ns3::WifiMacHeader (CTL_RTS Duration/ID=5438us, RA=00:00:00:00:00:01, TA=00:00:00:00:00:05) ns3::WifiMacTrailer ()" />
<wpr uId="15" tId="3" fbRx="2.000054018" lbRx="0" />
<wpr uId="15" tId="0" fbRx="2.000054025" lbRx="0" />
<wpr uId="15" tId="1" fbRx="2.000054037" lbRx="0" />
<wpr uId="15" tId="2" fbRx="2.000054037" lbRx="0" />
<pr uId="16" fId="0" fbTx="2.000412025" meta-info="ns3::WifiMacHeader (CTL_CTS Duration/ID=5124us, RA=00:00:00:00:00:05) ns3::WifiMacTrailer ()" />
<wpr uId="16" tId="3" fbRx="2.000416047" lbRx="0" />
<wpr uId="16" tId="4" fbRx="2.00041605" lbRx="0" />
<wpr uId="16" tId="1" fbRx="2.000416051" lbRx="0" />
<wpr uId="16" tId="2" fbRx="2.000416061" lbRx="0" />
<pr uId="17" fId="4" fbTx="2.00072605" meta-info="ns3::WifiMacHeader (DATA ToDS=0, FromDS=0, MoreFrag=0, Retry=0, MoreData=0 Duration/ID=314us, DA=00:00:00:00:00:01, SA=00:00:00:00:00:05, BSSID=00:00:00:00:00:05, FragNumber=0, SeqNumber=3) ns3::LlcSnapHeader (type 0x800) ns3::Ipv4Header (tos 0x0 DSCP Default ECN Not-ECT ttl 64 id 1 protocol 17 offset (bytes) 0 flags [none] length: 540 192.168.1.5 &gt; 192.168.1.1) ns3::UdpHeader (length: 520 49153 &gt; 20) Payload (size=512) ns3::WifiMacTrailer ()" />
<wpr uId="17" tId="3" fbRx="2.000730068" lbRx="0" />
<wpr uId="17" tId="0" fbRx="2.000730075" lbRx="0" />
<wpr uId="17" tId="1" fbRx="2.000730087" lbRx="0" />
<wpr uId="17" tId="2" fbRx="2.000730087" lbRx="0" />
<pr uId="18" fId="0" fbTx="2.005536075" meta-info="ns3::WifiMacHeader (CTL_ACK Duration/ID=0us, RA=00:00:00:00:00:05) ns3::WifiMacTrailer ()" />
<wpr uId="18" tId="3" fbRx="2.005540096" lbRx="0" />
<wpr uId="18" tId="4" fbRx="2.0055401" lbRx="0" />
<wpr uId="18" tId="1" fbRx="2.005540101" lbRx="0" />
<wpr uId="18" tId="2" fbRx="2.005540111" lbRx="0" />
<pr uId="19" fId="0" fbTx="2.005890075" meta-info="ns3::WifiMacHeader (CTL_RTS Duration/ID=5438us, RA=00:00:00:00:00:05, TA=00:00:00:00:00:01) ns3::WifiMacTrailer ()" />
<wpr uId="19" tId="3" fbRx="2.005894096" lbRx="0" />
<wpr uId="19" tId="4" fbRx="2.0058941" lbRx="0" />
<wpr uId="19" tId="1" fbRx="2.005894101" lbRx="0" />
<wpr uId="19" tId="2" fbRx="2.005894111" lbRx="0" />
<pr uId="20" fId="4" fbTx="2.0062521" meta-info="ns3::WifiMacHeader (CTL_CTS Duration/ID=5124us, RA=00:00:00:00:00:01) ns3::WifiMacTrailer ()" />
<wpr uId="20" tId="3" fbRx="2.006256118" lbRx="0" />
<wpr uId="20" tId="0" fbRx="2.006256125" lbRx="0" />
<wpr uId="20" tId="1" fbRx="2.006256137" lbRx="0" />
<wpr uId="20" tId="2" fbRx="2.006256137" lbRx="0" />
<pr uId="21" fId="0" fbTx="2.006566125" meta-info="ns3::WifiMacHeader (DATA ToDS=0, FromDS=0, MoreFrag=0, Retry=0, MoreData=0 Duration/ID=314us, DA=00:00:00:00:00:05, SA=00:00:00:00:00:01, BSSID=00:00:00:00:00:01, FragNumber=0, SeqNumber=3) ns3::LlcSnapHeader (type 0x800) ns3::Ipv4Header (tos 0x0 DSCP Default ECN Not-ECT ttl 64 id 1 protocol 17 offset (bytes) 0 flags [none] length: 540 192.168.1.1 &gt; 192.168.1.5) ns3::UdpHeader (length: 520 20 &gt; 49153) Payload (size=512) ns3::WifiMacTrailer ()" />
<wpr uId="21" tId="3" fbRx="2.006570146" lbRx="0" />
<wpr uId="21" tId="4" fbRx="2.00657015" lbRx="0" />
<wpr uId="21" tId="1" fbRx="2.006570151" lbRx="0" />
<wpr uId="21" tId="2" fbRx="2.006570161" lbRx="0" />
<pr uId="22" fId="4" fbTx="2.01137615" meta-info="ns3::WifiMacHeader (CTL_ACK Duration/ID=0us, RA=00:00:00:00:00:01) ns3::WifiMacTrailer ()" />
<wpr uId="22" tId="3" fbRx="2.011380168" lbRx="0" />
<wpr uId="22" tId="0" fbRx="2.011380175" lbRx="0" />
<wpr uId="22" tId="1" fbRx="2.011380187" lbRx="0" />
<wpr uId="22" tId="2" fbRx="2.011380187" lbRx="0" />
<pr uId="23" fId="3" fbTx="2.011810168" meta-info="ns3::WifiMacHeader (DATA ToDS=0, FromDS=0, MoreFrag=0, Retry=0, MoreData=0 Duration/ID=0us, DA=ff:ff:ff:ff:ff:ff, SA=00:00:00:00:00:04, BSSID=00:00:00:00:00:04, FragNumber=0, SeqNumber=0) ns3::LlcSnapHeader (type 0x806) ns3::ArpHeader (request source mac: 00-06-00:00:00:00:00:04 source ipv4: 192.168.1.4 dest ipv4: 192.168.1.1) ns3::WifiMacTrailer ()" />
<wpr uId="23" tId="4" fbRx="2.011814186" lbRx="0" />
<wpr uId="23" tId="0" fbRx="2.011814189" lbRx="0" />
<wpr uId="23" tId="1" fbRx="2.011814212" lbRx="0" />
<wpr uId="23" tId="2" fbRx="2.011814218" lbRx="0" />
<pr uId="24" fId="0" fbTx="2.012564189" meta-info="ns3::WifiMacHeader (DATA ToDS=0, FromDS=0, MoreFrag=0, Retry=0, MoreData=0 Duration/ID=314us, DA=00:00:00:00:00:04, SA=00:00:00:00:00:01, BSSID=00:00:00:00:00:01, FragNumber=0, SeqNumber=4) ns3::LlcSnapHeader (type 0x806) ns3::ArpHeader (reply source mac: 00-06-00:00:00:00:00:01 source ipv4: 192.168.1.1 dest mac: 00-06-00:00:00:00:00:04 dest ipv4: 192.168.1.4) ns3::WifiMacTrailer ()" />
<wpr uId="24" tId="3" fbRx="2.01256821" lbRx="0" />
<wpr uId="24" tId="4" fbRx="2.012568214" lbRx="0" />
<wpr uId="24" tId="1" fbRx="2.012568215" lbRx="0" />
<wpr uId="24" tId="2" fbRx="2.012568225" lbRx="0" />
<pr uId="25" fId="3" fbTx="2.01327821" meta-info="ns3::WifiMacHeader (CTL_ACK Duration/ID=0us, RA=00:00:00:00:00:01) ns3::WifiMacTrailer ()" />
<wpr uId="25" tId="4" fbRx="2.013282228" lbRx="0" />
<wpr uId="25" tId="0" fbRx="2.013282231" lbRx="0" />
<wpr uId="25" tId="1" fbRx="2.013282254" lbRx="0" />
<wpr uId="25" tId="2" fbRx="2.01328226" lbRx="0" />
<pr uId="26" fId="3" fbTx="2.01377221" meta-info="ns3::WifiMacHeader (CTL_RTS Duration/ID=5438us, RA=00:00:00:00:00:01, TA=00:00:00:00:00:04) ns3::WifiMacTrailer ()" />
<wpr uId="26" tId="4" fbRx="2.013776228" lbRx="0" />
<wpr uId="26" tId="0" fbRx="2.013776231" lbRx="0" />
<wpr uId="26" tId="1" fbRx="2.013776254" lbRx="0" />
<wpr uId="26" tId="2" fbRx="2.01377626" lbRx="0" />
<pr uId="27" fId="0" fbTx="2.014134231" meta-info="ns3::WifiMacHeader (CTL_CTS Duration/ID=5124us, RA=00:00:00:00:00:04) ns3::WifiMacTrailer ()" />
<wpr uId="27" tId="3" fbRx="2.014138252" lbRx="0" />
<wpr uId="27" tId="4" fbRx="2.014138256" lbRx="0" />
<wpr uId="27" tId="1" fbRx="2.014138257" lbRx="0" />
<wpr uId="27" tId="2" fbRx="2.014138267" lbRx="0" />
<pr uId="28" fId="3" fbTx="2.014448252" meta-info="ns3::WifiMacHeader (DATA ToDS=0, FromDS=0, MoreFrag=0, Retry=0, MoreData=0 Duration/ID=314us, DA=00:00:00:00:00:01, SA=00:00:00:00:00:04, BSSID=00:00:00:00:00:04, FragNumber=0, SeqNumber=1) ns3::LlcSnapHeader (type 0x800) ns3::Ipv4Header (tos 0x0 DSCP Default ECN Not-ECT ttl 64 id 0 protocol 17 offset (bytes) 0 flags [none] length: 540 192.168.1.4 &gt; 192.168.1.1) ns3::UdpHeader (length: 520 49153 &gt; 20) Payload (size=512) ns3::WifiMacTrailer ()" />
<wpr uId="28" tId="4" fbRx="2.01445227" lbRx="0" />
<wpr uId="28" tId="0" fbRx="2.014452273" lbRx="0" />
<wpr uId="28" tId="1" fbRx="2.014452296" lbRx="0" />
<wpr uId="28" tId="2" fbRx="2.014452302" lbRx="0" />
<pr uId="29" fId="0" fbTx="2.019258273" meta-info="ns3::WifiMacHeader (CTL_ACK Duration/ID=0us, RA=00:00:00:00:00:04) ns3::WifiMacTrailer ()" />
<wpr uId="29" tId="3" fbRx="2.019262294" lbRx="0" />
<wpr uId="29" tId="4" fbRx="2.019262298" lbRx="0" />
<wpr uId="29" tId="1" fbRx="2.019262299" lbRx="0" />
<wpr uId="29" tId="2" fbRx="2.01926231" lbRx="0" />
<pr uId="30" fId="0" fbTx="2.027298273" meta-info="ns3::WifiMacHeader (DATA ToDS=0, FromDS=0, MoreFrag=0, Retry=0, MoreData=0 Duration/ID=0us, DA=ff:ff:ff:ff:ff:ff, SA=00:00:00:00:00:01, BSSID=00:00:00:00:00:01, FragNumber=0, SeqNumber=5) ns3::LlcSnapHeader (type 0x806) ns3::ArpHeader (request source mac: 00-06-00:00:00:00:00:01 source ipv4: 192.168.1.1 dest ipv4: 192.168.1.4) ns3::WifiMacTrailer ()" />
<wpr uId="30" tId="3" fbRx="2.027302294" lbRx="0" />
<wpr uId="30" tId="4" fbRx="2.027302298" lbRx="0" />
<wpr uId="30" tId="1" fbRx="2.027302299" lbRx="0" />
<wpr uId="30" tId="2" fbRx="2.02730231" lbRx="0" />
<pr uId="31" fId="3" fbTx="2.028052294" meta-info="ns3::WifiMacHeader (DATA ToDS=0, FromDS=0, MoreFrag=0, Retry=0, MoreData=0 Duration/ID=314us, DA=00:00:00:00:00:01, SA=00:00:00:00:00:04, BSSID=00:00:00:00:00:04, FragNumber=0, SeqNumber=2) ns3::LlcSnapHeader (type 0x806) ns3::ArpHeader (reply source mac: 00-06-00:00:00:00:00:04 source ipv4: 192.168.1.4 dest mac: 00-06-00:00:00:00:00:01 dest ipv4: 192.168.1.1) ns3::WifiMacTrailer ()" />
<wpr uId="31" tId="4" fbRx="2.028056312" lbRx="0" />
<wpr uId="31" tId="0" fbRx="2.028056315" lbRx="0" />
<wpr uId="31" tId="1" fbRx="2.028056338" lbRx="0" />
<wpr uId="31" tId="2" fbRx="2.028056344" lbRx="0" />
<pr uId="32" fId="0" fbTx="2.028766315" meta-info="ns3::WifiMacHeader (CTL_ACK Duration/ID=0us, RA=00:00:00:00:00:04) ns3::WifiMacTrailer ()" />
<wpr uId="32" tId="3" fbRx="2.028770336" lbRx="0" />
<wpr uId="32" tId="4" fbRx="2.02877034" lbRx="0" />
<wpr uId="32" tId="1" fbRx="2.028770341" lbRx="0" />
<wpr uId="32" tId="2" fbRx="2.028770352" lbRx="0" />
<pr uId="33" fId="0" fbTx="2.029180315" meta-info="ns3::WifiMacHeader (CTL_RTS Duration/ID=5438us, RA=00:00:00:00:00:04, TA=00:00:00:00:00:01) ns3::WifiMacTrailer ()" />
<wpr uId="33" tId="3" fbRx="2.029184336" lbRx="0" />
<wpr uId="33" tId="4" fbRx="2.02918434" lbRx="0" />
<wpr uId="33" tId="1" fbRx="2.029184341" lbRx="0" />
<wpr uId="33" tId="2" fbRx="2.029184352" lbRx="0" />
<pr uId="34" fId="3" fbTx="2.029542336" meta-info="ns3::WifiMacHeader (CTL_CTS Duration/ID=5124us, RA=00:00:00:00:00:01) ns3::WifiMacTrailer ()" />
<wpr uId="34" tId="4" fbRx="2.029546354" lbRx="0" />
<wpr uId="34" tId="0" fbRx="2.029546357" lbRx="0" />
<wpr uId="34" tId="1" fbRx="2.02954638" lbRx="0" />
<wpr uId="34" tId="2" fbRx="2.029546386" lbRx="0" />
<pr uId="35" fId="0" fbTx="2.029856357" meta-info="ns3::WifiMacHeader (DATA ToDS=0, FromDS=0, MoreFrag=0, Retry=0, MoreData=0 Duration/ID=314us, DA=00:00:00:00:00:04, SA=00:00:00:00:00:01, BSSID=00:00:00:00:00:01, FragNumber=0, SeqNumber=6) ns3::LlcSnapHeader (type 0x800) ns3::Ipv4Header (tos 0x0 DSCP Default ECN Not-ECT ttl 64 id 0 protocol 17 offset (bytes) 0 flags [none] length: 540 192.168.1.1 &gt; 192.168.1.4) ns3::UdpHeader (length: 520 20 &gt; 49153) Payload (size=512) ns3::WifiMacTrailer ()" />
<wpr uId="35" tId="3" fbRx="2.029860378" lbRx="0" />
<wpr uId="35" tId="4" fbRx="2.029860382" lbRx="0" />
<wpr uId="35" tId="1" fbRx="2.029860383" lbRx="0" />
<wpr uId="35" tId="2" fbRx="2.029860394" lbRx="0" />
<pr uId="36" fId="3" fbTx="2.034666378" meta-info="ns3::WifiMacHeader (CTL_ACK Duration/ID=0us, RA=00:00:00:00:00:01) ns3::WifiMacTrailer ()" />
<wpr uId="36" tId="4" fbRx="2.034670396" lbRx="0" />
<wpr uId="36" tId="0" fbRx="2.034670399" lbRx="0" />
<wpr uId="36" tId="1" fbRx="2.034670422" lbRx="0" />
<wpr uId="36" tId="2" fbRx="2.034670428" lbRx="0" />
<nu p="p" t="2.03543912" id="0" x="1.510584973" y="2.246821074" />
<nu p="p" t="2.096667725" id="4" x="4.239266276" y="9.124124881" />
<nu p="p" t="2.215635441" id="2" x="13.2400623" y="1.927912328" />
<nu p="p" t="2.219204048" id="3" x="-0.5465232932" y="7.537133811" />
<nu p="p" t="2.25" id="0" x="0.8173236012" y="2.320970152" />
<nu p="p" t="2.25" id="4" x="3.750763426" y="8.830790544" />
<nu p="p" t="2.343178819" id="0" x="0.5162562494" y="2.353171378" />
<nu p="p" t="2.36576281" id="4" x="3.381953515" y="8.609328969" />
<nu p="p" t="2.383588165" id="1" x="9.060735863" y="0.07111379732" />
<nu p="p" t="2.5" id="2" x="12.27446993" y="1.849406896" />
<nu p="p" t="2.509164423" id="2" x="12.24335109" y="1.846876845" />
<nu p="p" t="2.64453964" id="0" x="-0.09189070457" y="3.146995843" />
<nu p="p" t="2.712985652" id="3" x="-0.9046832231" y="6.60347356" />
<nu p="p" t="2.732319261" id="1" x="10.02249226" y="0.3450200413" />
<nu p="p" t="2.746667258" id="4" x="3.720399018" y="7.668342976" />
<nu p="p" t="2.75" id="0" x="0.06236165384" y="2.815384453" />
<nu p="p" t="2.75" id="1" x="9.978507493" y="0.3647607527" />
<nu p="p" t="2.845958791" id="2" x="13.22828278" y="1.673933041" />
<nu p="p" t="2.932893836" id="0" x="0.329872646" y="2.240289895" />
<nu p="p" t="2.99191165" id="3" x="-1.014678087" y="5.609541404" />
<nc c="1" i="0" t="3" v="7" />
<nc c="2" i="0" t="3" v="0" />
<nc c="3" i="0" t="3" v="7" />
<nc c="4" i="0" t="3" v="0" />
<nc c="1" i="1" t="3" v="0" />
<nc c="2" i="1" t="3" v="0" />
<nc c="3" i="1" t="3" v="4" />
<nc c="4" i="1" t="3" v="0" />
<nc c="1" i="2" t="3" v="0" />
<nc c="2" i="2" t="3" v="0" />
<nc c="3" i="2" t="3" v="4" />
<nc c="4" i="2" t="3" v="0" />
<nc c="1" i="3" t="3" v="3" />
<nc c="2" i="3" t="3" v="0" />
<nc c="3" i="3" t="3" v="5" />
<nc c="4" i="3" t="3" v="0" />
<nc c="1" i="4" t="3" v="4" />
<nc c="2" i="4" t="3" v="0" />
<nc c="3" i="4" t="3" v="6" />
<nc c="4" i="4" t="3" v="0" />
<nc c="5" i="0" t="3" v="0" />
<nc c="6" i="0" t="3" v="0" />
<nc c="5" i="1" t="3" v="0" />
<nc c="6" i="1" t="3" v="0" />
<nc c="5" i="2" t="3" v="0" />
<nc c="6" i="2" t="3" v="0" />
<nc c="5" i="3" t="3" v="0" />
<nc c="6" i="3" t="3" v="0" />
<nc c="5" i="4" t="3" v="0" />
<nc c="6" i="4" t="3" v="0" />
<nu p="p" t="3" id="2" x="12.64384951" y="1.628429974" />
<nu p="p" t="3" id="4" x="4.363019704" y="7.220236515" />
<nu p="p" t="3.070031333" id="4" x="4.540665842" y="7.096361912" />
<nu p="p" t="3.099051523" id="1" x="9.110164202" y="0.7544800615" />
<nu p="p" t="3.108737169" id="2" x="12.23130004" y="1.596309513" />
<nu p="p" t="3.25" id="0" x="0.5133825411" y="1.429499104" />
<nu p="p" t="3.25" id="1" x="9.430291131" y="1.008459962" />
<nu p="p" t="3.25" id="2" x="11.75844072" y="1.419848778" />
<nu p="p" t="3.31435257" id="0" x="0.5506234866" y="1.264959662" />
<nu p="p" t="3.359259942" id="3" x="-1.919371034" y="6.035605565" />
<nu p="p" t="3.388625102" id="2" x="11.29441087" y="1.246683004" />
<nu p="p" t="3.468443408" id="1" x="9.893559254" y="1.376004149" />
<nu p="p" t="3.5" id="0" x="1.172568268" y="1.399524072" />
<nu p="p" t="3.5" id="3" x="-2.376041701" y="6.240970089" />
<nu p="p" t="3.5" id="4" x="5.395808805" y="7.269593044" />
<nu p="p" t="3.562824892" id="4" x="5.520758059" y="7.29490472" />
<nu p="p" t="3.606097137" id="0" x="1.528008473" y="1.476427365" />
<nu p="p" t="3.640334095" id="3" x="-2.831395106" y="6.445742241" />
<nu p="p" t="3.717307599" id="2" x="12.16288633" y="0.7509508429" />
<nu p="p" t="3.75" id="1" x="10.55339729" y="1.859783971" />
<nu p="p" t="3.75" id="3" x="-3.086501471" y="6.36329015" />
<nu p="p" t="3.75" id="4" x="5.507531023" y="6.792531987" />
<nu p="p" t="3.812566161" id="1" x="10.70002335" y="1.967287212" />
<nu p="p" t="3.92966562" id="0" x="2.179619818" y="2.234980365" />
<nu p="p" t="3.935277958" id="4" x="5.494438053" y="6.295251152" />
<nu p="p" t="3.990075316" id="2" x="12.30118447" y="1.741341485" />
<nc c="1" i="0" t="4" v="7" />
<nc c="2" i="0" t="4" v="0" />
<nc c="3" i="0" t="4" v="7" />
<nc c="4" i="0" t="4" v="0" />
<nc c="1" i="1" t="4" v="0" />
<nc c="2" i="1" t="4" v="0" />
<nc c="3" i="1" t="4" v="4" />
<nc c="4" i="1" t="4" v="0" />
<nc c="1" i="2" t="4" v="0" />
<nc c="2" i="2" t="4" v="0" />
<nc c="3" i="2" t="4" v="4" />
<nc c="4" i="2" t="4" v="0" />
<nc c="1" i="3" t="4" v="4" />
<nc c="2" i="3" t="4" v="0" />
<nc c="3" i="3" t="4" v="5" />
<nc c="4" i="3" t="4" v="0" />
<nc c="1" i="4" t="4" v="4" />
<nc c="2" i="4" t="4" v="0" />
<nc c="3" i="4" t="4" v="6" />
<nc c="4" i="4" t="4" v="0" />
<nc c="5" i="0" t="4" v="0" />
<nc c="6" i="0" t="4" v="0" />
<nc c="5" i="1" t="4" v="0" />
<nc c="6" i="1" t="4" v="0" />
<nc c="5" i="2" t="4" v="0" />
<nc c="6" i="2" t="4" v="0" />
<nc c="5" i="3" t="4" v="0" />
<nc c="6" i="3" t="4" v="0" />
<nc c="5" i="4" t="4" v="0" />
<nc c="6" i="4" t="4" v="0" />
<pr uId="37" fId="3" fbTx="4.00005" meta-info="ns3::WifiMacHeader (CTL_RTS Duration/ID=5438us, RA=00:00:00:00:00:01, TA=00:00:00:00:00:04) ns3::WifiMacTrailer ()" />
<wpr uId="37" tId="0" fbRx="4.000054024" lbRx="0" />
<wpr uId="37" tId="4" fbRx="4.00005403" lbRx="0" />
<wpr uId="37" tId="1" fbRx="4.000054051" lbRx="0" />
<wpr uId="37" tId="2" fbRx="4.000054055" lbRx="0" />
<pr uId="38" fId="0" fbTx="4.000412024" meta-info="ns3::WifiMacHeader (CTL_CTS Duration/ID=5124us, RA=00:00:00:00:00:04) ns3::WifiMacTrailer ()" />
<wpr uId="38" tId="4" fbRx="4.00041604" lbRx="0" />
<wpr uId="38" tId="3" fbRx="4.000416048" lbRx="0" />
<wpr uId="38" tId="1" fbRx="4.000416053" lbRx="0" />
<wpr uId="38" tId="2" fbRx="4.000416058" lbRx="0" />
<pr uId="39" fId="3" fbTx="4.000726048" meta-info="ns3::WifiMacHeader (DATA ToDS=0, FromDS=0, MoreFrag=0, Retry=0, MoreData=0 Duration/ID=314us, DA=00:00:00:00:00:01, SA=00:00:00:00:00:04, BSSID=00:00:00:00:00:04, FragNumber=0, SeqNumber=3) ns3::LlcSnapHeader (type 0x800) ns3::Ipv4Header (tos 0x0 DSCP Default ECN Not-ECT ttl 64 id 1 protocol 17 offset (bytes) 0 flags [none] length: 540 192.168.1.4 &gt; 192.168.1.1) ns3::UdpHeader (length: 520 49153 &gt; 20) Payload (size=512) ns3::WifiMacTrailer ()" />
<wpr uId="39" tId="0" fbRx="4.000730072" lbRx="0" />
<wpr uId="39" tId="4" fbRx="4.000730078" lbRx="0" />
<wpr uId="39" tId="1" fbRx="4.000730099" lbRx="0" />
<wpr uId="39" tId="2" fbRx="4.000730103" lbRx="0" />
<pr uId="40" fId="0" fbTx="4.005536072" meta-info="ns3::WifiMacHeader (CTL_ACK Duration/ID=0us, RA=00:00:00:00:00:04) ns3::WifiMacTrailer ()" />
<wpr uId="40" tId="4" fbRx="4.005540088" lbRx="0" />
<wpr uId="40" tId="3" fbRx="4.005540096" lbRx="0" />
<wpr uId="40" tId="1" fbRx="4.005540101" lbRx="0" />
<wpr uId="40" tId="2" fbRx="4.005540106" lbRx="0" />
<pr uId="41" fId="0" fbTx="4.005890072" meta-info="ns3::WifiMacHeader (CTL_RTS Duration/ID=5438us, RA=00:00:00:00:00:04, TA=00:00:00:00:00:01) ns3::WifiMacTrailer ()" />
<wpr uId="41" tId="4" fbRx="4.005894088" lbRx="0" />
<wpr uId="41" tId="3" fbRx="4.005894096" lbRx="0" />
<wpr uId="41" tId="1" fbRx="4.005894101" lbRx="0" />
<wpr uId="41" tId="2" fbRx="4.005894106" lbRx="0" />
<pr uId="42" fId="3" fbTx="4.006252096" meta-info="ns3::WifiMacHeader (CTL_CTS Duration/ID=5124us, RA=00:00:00:00:00:01) ns3::WifiMacTrailer ()" />
<wpr uId="42" tId="0" fbRx="4.00625612" lbRx="0" />
<wpr uId="42" tId="4" fbRx="4.006256126" lbRx="0" />
<wpr uId="42" tId="1" fbRx="4.006256147" lbRx="0" />
<wpr uId="42" tId="2" fbRx="4.006256152" lbRx="0" />
<pr uId="43" fId="0" fbTx="4.00656612" meta-info="ns3::WifiMacHeader (DATA ToDS=0, FromDS=0, MoreFrag=0, Retry=0, MoreData=0 Duration/ID=314us, DA=00:00:00:00:00:04, SA=00:00:00:00:00:01, BSSID=00:00:00:00:00:01, FragNumber=0, SeqNumber=7) ns3::LlcSnapHeader (type 0x800) ns3::Ipv4Header (tos 0x0 DSCP Default ECN Not-ECT ttl 64 id 1 protocol 17 offset (bytes) 0 flags [none] length: 540 192.168.1.1 &gt; 192.168.1.4) ns3::UdpHeader (length: 520 20 &gt; 49153) Payload (size=512) ns3::WifiMacTrailer ()" />
<wpr uId="43" tId="4" fbRx="4.006570136" lbRx="0" />
<wpr uId="43" tId="3" fbRx="4.006570144" lbRx="0" />
<wpr uId="43" tId="1" fbRx="4.006570149" lbRx="0" />
<wpr uId="43" tId="2" fbRx="4.006570154" lbRx="0" />
<pr uId="44" fId="3" fbTx="4.011376144" meta-info="ns3::WifiMacHeader (CTL_ACK Duration/ID=0us, RA=00:00:00:00:00:01) ns3::WifiMacTrailer ()" />
<wpr uId="44" tId="0" fbRx="4.011380168" lbRx="0" />
<wpr uId="44" tId="4" fbRx="4.011380174" lbRx="0" />
<wpr uId="44" tId="1" fbRx="4.011380195" lbRx="0" />
<wpr uId="44" tId="2" fbRx="4.0113802" lbRx="0" />
<nu p="p" t="4.049382619" id="3" x="-3.782929513" y="6.138199928" />
<nu p="p" t="4.122232298" id="1" x="10.86594033" y="0.9811474888" />
<nu p="p" t="4.236354065" id="4" x="5.078992936" y="5.385632905" />
<nu p="p" t="4.25" id="1" x="11.12358855" y="0.9490636567" />
<nu p="p" t="4.25" id="2" x="13.21842213" y="1.600200906" />
<nu p="p" t="4.25" id="3" x="-2.985904634" y="6.112232361" />
<nu p="p" t="4.26270208" id="0" x="2.800030357" y="3.01925759" />
<nu p="p" t="4.270156555" id="2" x="13.28955178" y="1.589255783" />
<nu p="p" t="4.300956935" id="3" x="-2.783459837" y="6.105636584" />
<nu p="p" t="4.5" id="0" x="3.406416467" y="3.072554371" />
<nu p="p" t="4.5" id="2" x="12.95262323" y="1.214222111" />
<nu p="p" t="4.5" id="4" x="4.328365069" y="5.818381737" />
<nu p="p" t="4.540641413" id="4" x="4.212654667" y="5.885090613" />
<nu p="p" t="4.606596107" id="3" x="-2.935697118" y="7.093980558" />
<nu p="p" t="4.614331368" id="1" x="11.85827602" y="0.8575761659" />
<nu p="p" t="4.652530638" id="0" x="3.796190049" y="3.106812539" />
<nu p="p" t="4.726055972" id="2" x="12.62124675" y="0.845368429" />
<nu p="p" t="4.75" id="1" x="11.61632963" y="1.254922504" />
<nu p="p" t="4.75" id="3" x="-3.017862039" y="6.816379063" />
<nu p="p" t="4.905958934" id="1" x="11.33819827" y="1.711695085" />
<nu p="p" t="4.936337598" id="4" x="3.893907633" y="4.937250792" />
<nu p="p" t="4.970376776" id="0" x="4.298418482" y="3.971547529" />
<nc c="1" i="0" t="5" v="8" />
<nc c="2" i="0" t="5" v="0" />
<nc c="3" i="0" t="5" v="8" />
<nc c="4" i="0" t="5" v="0" />
<nc c="1" i="1" t="5" v="0" />
<nc c="2" i="1" t="5" v="0" />
<nc c="3" i="1" t="5" v="4" />
<nc c="4" i="1" t="5" v="0" />
<nc c="1" i="2" t="5" v="0" />
<nc c="2" i="2" t="5" v="0" />
<nc c="3" i="2" t="5" v="4" />
<nc c="4" i="2" t="5" v="0" />
<nc c="1" i="3" t="5" v="4" />
<nc c="2" i="3" t="5" v="0" />
<nc c="3" i="3" t="5" v="6" />
<nc c="4" i="3" t="5" v="0" />
<nc c="1" i="4" t="5" v="4" />
<nc c="2" i="4" t="5" v="0" />
<nc c="3" i="4" t="5" v="6" />
<nc c="4" i="4" t="5" v="0" />
<nc c="5" i="0" t="5" v="0" />
<nc c="6" i="0" t="5" v="0" />
<nc c="5" i="1" t="5" v="0" />
<nc c="6" i="1" t="5" v="0" />
<nc c="5" i="2" t="5" v="0" />
<nc c="6" i="2" t="5" v="0" />
<nc c="5" i="3" t="5" v="0" />
<nc c="6" i="3" t="5" v="0" />
<nc c="5" i="4" t="5" v="0" />
<nc c="6" i="4" t="5" v="0" />
<nu p="p" t="5" id="1" x="11.3107392" y="2.085790357" />
<nu p="p" t="5" id="2" x="13.23491523" y="0.3530987313" />
<nu p="p" t="5" id="4" x="4.003787852" y="5.021871918" />
<nu p="p" t="5.074269084" id="2" x="13.40128716" y="0.2196392805" />
<nu p="p" t="5.101936252" id="3" x="-3.219507991" y="6.135100279" />
<nu p="p" t="5.156667129" id="1" x="11.26499393" y="2.709012048" />
<nu p="p" t="5.234613161" id="0" x="4.341546466" y="2.972477971" />
<nu p="p" t="5.391725571" id="2" x="14.15342384" y="0.8786464206" />
<nu p="p" t="5.395370408" id="4" x="4.686190422" y="5.547404856" />
<nu p="p" t="5.447899584" id="1" x="12.07799842" y="3.291269467" />
<nu p="p" t="5.46966176" id="3" x="-2.782344908" y="7.034482533" />
<nu p="p" t="5.5" id="0" x="3.648814033" y="2.981359267" />
<nu p="p" t="5.5" id="2" x="14.00033141" y="1.156679633" />
<nu p="p" t="5.617683187" id="0" x="3.34162864" y="2.98529759" />
<nu p="p" t="5.723129199" id="1" x="12.18837391" y="2.297379509" />
<nu p="p" t="5.732859919" id="2" x="13.67108386" y="1.754630524" />
<nu p="p" t="5.75" id="0" x="3.711079297" y="3.023773121" />
<nu p="p" t="5.75" id="3" x="-3.598082194" y="7.078492034" />
<nu p="p" t="5.75" id="4" x="3.793085995" y="5.617986186" />
<nu p="p" t="5.791211367" id="4" x="3.689298677" y="5.626188414" />
<nu p="p" t="5.812825114" id="3" x="-3.780892744" y="7.08835477" />
<nu p="p" t="5.973901433" id="0" x="4.336249521" y="3.088879938" />
<nc c="1" i="0" t="6" v="8" />
<nc c="2" i="0" t="6" v="0" />
<nc c="3" i="0" t="6" v="8" />
<nc c="4" i="0" t="6" v="0" />
<nc c="1" i="1" t="6" v="0" />
<nc c="2" i="1" t="6" v="0" />
<nc c="3" i="1" t="6" v="4" />
<nc c="4" i="1" t="6" v="0" />
<nc c="1" i="2" t="6" v="0" />
<nc c="2" i="2" t="6" v="0" />
<nc c="3" i="2" t="6" v="4" />
<nc c="4" i="2" t="6" v="0" />
<nc c="1" i="3" t="6" v="4" />
<nc c="2" i="3" t="6" v="0" />
<nc c="3" i="3" t="6" v="6" />
<nc c="4" i="3" t="6" v="0" />
<nc c="1" i="4" t="6" v="4" />
<nc c="2" i="4" t="6" v="0" />
<nc c="3" i="4" t="6" v="6" />
<nc c="4" i="4" t="6" v="0" />
<nc c="5" i="0" t="6" v="0" />
<nc c="6" i="0" t="6" v="0" />
<nc c="5" i="1" t="6" v="0" />
<nc c="6" i="1" t="6" v="0" />
<nc c="5" i="2" t="6" v="0" />
<nc c="6" i="2" t="6" v="0" />
<nc c="5" i="3" t="6" v="0" />
<nc c="6" i="3" t="6" v="0" />
<nc c="5" i="4" t="6" v="0" />
<nc c="6" i="4" t="6" v="0" />
<nu p="p" t="6" id="1" x="11.93030128" y="1.70434389" />
<nu p="p" t="6" id="2" x="13.13889003" y="2.085269648" />
<nu p="p" t="6" id="3" x="-4.006988878" y="6.476242919" />
<nu p="p" t="6" id="4" x="4.421608199" y="5.987247506" />
<nu p="p" t="6.046929116" id="4" x="4.58620834" y="6.068402231" />
<nu p="p" t="6.099668312" id="3" x="-4.127382273" y="6.150300928" />
<nu p="p" t="6.151221089" id="1" x="11.78934736" y="1.380440136" />
<nu p="p" t="6.159233394" id="2" x="12.82166684" y="2.282352727" />
<nu p="p" t="6.25" id="0" x="5.084372099" y="3.004119514" />
<nu p="p" t="6.25" id="3" x="-3.862373228" y="5.62671857" />
<nu p="p" t="6.25" id="4" x="4.263334487" y="5.68634" />
<nu p="p" t="6.340610591" id="0" x="5.329892493" y="2.976302666" />
<nu p="p" t="6.355844621" id="3" x="-3.67578727" y="5.258077887" />
<nu p="p" t="6.452893052" id="4" x="3.94074338" y="5.304612347" />
<nu p="p" t="6.5" id="1" x="12.26487956" y="2.130551807" />
<nu p="p" t="6.543926792" id="1" x="12.32477024" y="2.22502426" />
<nu p="p" t="6.551819438" id="2" x="11.92177441" y="2.718464645" />
<nu p="p" t="6.68666552" id="3" x="-3.156612629" y="6.112746064" />
<nu p="p" t="6.732738883" id="0" x="6.272208873" y="2.641579135" />
<nu p="p" t="6.75" id="1" x="13.11689687" y="2.009859295" />
<nu p="p" t="6.75" id="3" x="-3.011670755" y="5.996055192" />
<nu p="p" t="6.75" id="4" x="3.500305984" y="4.87898252" />
<nu p="p" t="6.794981712" id="1" x="13.28980247" y="1.962893032" />
<nu p="p" t="6.937972344" id="4" x="3.22165195" y="4.609696875" />
<nu p="p" t="6.938616588" id="2" x="11.0466826" y="3.202421601" />
<nu p="p" t="6.994277841" id="0" x="5.652776595" y="1.856529041" />
</anim>
