<anim ver="netanim-3.108" filetype="animation" >
<node id="0" sysId="0" locX="20.75015819" locY="41.99354488" />
<node id="1" sysId="0" locX="7.494607817" locY="54.28438433" />
<node id="2" sysId="0" locX="17.92460476" locY="61.21620759" />
<node id="3" sysId="0" locX="36.88206524" locY="42.0891794" />
<node id="4" sysId="0" locX="64.4554003" locY="34.02788053" />
<nu p="c" t="0" id="0" r="255" g="0" b="0" />
<nu p="c" t="0" id="1" r="255" g="0" b="0" />
<nu p="c" t="0" id="2" r="255" g="0" b="0" />
<nu p="c" t="0" id="3" r="255" g="0" b="0" />
<nu p="c" t="0" id="4" r="255" g="0" b="0" />
<nonp2plinkproperties id="0" ipAddress="127.0.0.1~00:00:00:00:00:00" channelType="Unknown channel" />
<nonp2plinkproperties id="0" ipAddress="192.168.1.1~00:00:00:00:00:01" channelType="ns3::YansWifiChannel" />
<nonp2plinkproperties id="1" ipAddress="127.0.0.1~00:00:00:00:00:00" channelType="Unknown channel" />
<nonp2plinkproperties id="1" ipAddress="192.168.1.2~00:00:00:00:00:02" channelType="ns3::YansWifiChannel" />
<nonp2plinkproperties id="2" ipAddress="127.0.0.1~00:00:00:00:00:00" channelType="Unknown channel" />
<nonp2plinkproperties id="2" ipAddress="192.168.1.3~00:00:00:00:00:03" channelType="ns3::YansWifiChannel" />
<nonp2plinkproperties id="3" ipAddress="127.0.0.1~00:00:00:00:00:00" channelType="Unknown channel" />
<nonp2plinkproperties id="3" ipAddress="192.168.1.4~00:00:00:00:00:04" channelType="ns3::YansWifiChannel" />
<nonp2plinkproperties id="4" ipAddress="127.0.0.1~00:00:00:00:00:00" channelType="Unknown channel" />
<nonp2plinkproperties id="4" ipAddress="192.168.1.5~00:00:00:00:00:05" channelType="ns3::YansWifiChannel" />
<ip n="0" >
<address >127.0.0.1</address>

<address >192.168.1.1</address>

<address >192.168.1.6</address>

</ip>
<ip n="0" >
<address >127.0.0.1</address>

<address >192.168.1.1</address>

<address >192.168.1.6</address>

</ip>
<ip n="0" >
<address >127.0.0.1</address>

<address >192.168.1.1</address>

<address >192.168.1.6</address>

</ip>
<ip n="1" >
<address >127.0.0.1</address>

<address >192.168.1.2</address>

<address >192.168.1.7</address>

</ip>
<ip n="1" >
<address >127.0.0.1</address>

<address >192.168.1.2</address>

<address >192.168.1.7</address>

</ip>
<ip n="1" >
<address >127.0.0.1</address>

<address >192.168.1.2</address>

<address >192.168.1.7</address>

</ip>
<ip n="2" >
<address >127.0.0.1</address>

<address >192.168.1.3</address>

<address >192.168.1.8</address>

</ip>
<ip n="2" >
<address >127.0.0.1</address>

<address >192.168.1.3</address>

<address >192.168.1.8</address>

</ip>
<ip n="2" >
<address >127.0.0.1</address>

<address >192.168.1.3</address>

<address >192.168.1.8</address>

</ip>
<ip n="3" >
<address >127.0.0.1</address>

<address >192.168.1.4</address>

<address >192.168.1.9</address>

</ip>
<ip n="3" >
<address >127.0.0.1</address>

<address >192.168.1.4</address>

<address >192.168.1.9</address>

</ip>
<ip n="3" >
<address >127.0.0.1</address>

<address >192.168.1.4</address>

<address >192.168.1.9</address>

</ip>
<ip n="4" >
<address >127.0.0.1</address>

<address >192.168.1.5</address>

<address >192.168.1.10</address>

</ip>
<ip n="4" >
<address >127.0.0.1</address>

<address >192.168.1.5</address>

<address >192.168.1.10</address>

</ip>
<ip n="4" >
<address >127.0.0.1</address>

<address >192.168.1.5</address>

<address >192.168.1.10</address>

</ip>
<ipv6 n="0" >
<address >::1</address>

</ipv6>
<ipv6 n="1" >
<address >::1</address>

</ipv6>
<ipv6 n="2" >
<address >::1</address>

</ipv6>
<ipv6 n="3" >
<address >::1</address>

</ipv6>
<ipv6 n="4" >
<address >::1</address>

</ipv6>
<nu p="s" t="0" id="0" w="1" h="1" />
<nu p="s" t="0" id="1" w="1" h="1" />
<nu p="s" t="0" id="2" w="1" h="1" />
<nu p="s" t="0" id="3" w="1" h="1" />
<nu p="s" t="0" id="4" w="1" h="1" />
<ncs ncId="0" n="RemainingEnergy" t="DOUBLE" />
<nu p="d" t="0" id="0" descr="SRV-0" />
<nu p="c" t="0" id="0" r="255" g="0" b="0" />
<nu p="d" t="0" id="3" descr="CLI-3" />
<nu p="c" t="0" id="3" r="0" g="255" b="0" />
<nu p="d" t="0" id="4" descr="CLI-4" />
<nu p="c" t="0" id="4" r="0" g="255" b="0" />
<nu p="d" t="0" id="1" descr="HOC-1" />
<nu p="c" t="0" id="1" r="0" g="0" b="255" />
<nu p="d" t="0" id="2" descr="HOC-2" />
<nu p="c" t="0" id="2" r="0" g="0" b="255" />
<ncs ncId="1" n="WifiMac Tx" t="DOUBLE" />
<ncs ncId="2" n="WifiMac TxDrop" t="DOUBLE" />
<ncs ncId="3" n="WifiMac Rx" t="DOUBLE" />
<ncs ncId="4" n="WifiMac RxDrop" t="DOUBLE" />
<nc c="1" i="0" t="0" v="0" />
<nc c="2" i="0" t="0" v="0" />
<nc c="3" i="0" t="0" v="0" />
<nc c="4" i="0" t="0" v="0" />
<nc c="1" i="1" t="0" v="0" />
<nc c="2" i="1" t="0" v="0" />
<nc c="3" i="1" t="0" v="0" />
<nc c="4" i="1" t="0" v="0" />
<nc c="1" i="2" t="0" v="0" />
<nc c="2" i="2" t="0" v="0" />
<nc c="3" i="2" t="0" v="0" />
<nc c="4" i="2" t="0" v="0" />
<nc c="1" i="3" t="0" v="0" />
<nc c="2" i="3" t="0" v="0" />
<nc c="3" i="3" t="0" v="0" />
<nc c="4" i="3" t="0" v="0" />
<nc c="1" i="4" t="0" v="0" />
<nc c="2" i="4" t="0" v="0" />
<nc c="3" i="4" t="0" v="0" />
<nc c="4" i="4" t="0" v="0" />
<ncs ncId="5" n="WifiPhy TxDrop" t="DOUBLE" />
<ncs ncId="6" n="WifiPhy RxDrop" t="DOUBLE" />
<nc c="5" i="0" t="0" v="0" />
<nc c="6" i="0" t="0" v="0" />
<nc c="5" i="1" t="0" v="0" />
<nc c="6" i="1" t="0" v="0" />
<nc c="5" i="2" t="0" v="0" />
<nc c="6" i="2" t="0" v="0" />
<nc c="5" i="3" t="0" v="0" />
<nc c="6" i="3" t="0" v="0" />
<nc c="5" i="4" t="0" v="0" />
<nc c="6" i="4" t="0" v="0" />
<nu p="p" t="0" id="0" x="20.75015819" y="41.99354488" />
<nu p="p" t="0" id="1" x="7.494607817" y="54.28438433" />
<nu p="p" t="0" id="2" x="17.92460476" y="61.21620759" />
<nu p="p" t="0" id="3" x="36.88206524" y="42.0891794" />
<nu p="p" t="0" id="4" x="64.4554003" y="34.02788053" />
<nc c="1" i="0" t="0" v="0" />
<nc c="2" i="0" t="0" v="0" />
<nc c="3" i="0" t="0" v="0" />
<nc c="4" i="0" t="0" v="0" />
<nc c="1" i="1" t="0" v="0" />
<nc c="2" i="1" t="0" v="0" />
<nc c="3" i="1" t="0" v="0" />
<nc c="4" i="1" t="0" v="0" />
<nc c="1" i="2" t="0" v="0" />
<nc c="2" i="2" t="0" v="0" />
<nc c="3" i="2" t="0" v="0" />
<nc c="4" i="2" t="0" v="0" />
<nc c="1" i="3" t="0" v="0" />
<nc c="2" i="3" t="0" v="0" />
<nc c="3" i="3" t="0" v="0" />
<nc c="4" i="3" t="0" v="0" />
<nc c="1" i="4" t="0" v="0" />
<nc c="2" i="4" t="0" v="0" />
<nc c="3" i="4" t="0" v="0" />
<nc c="4" i="4" t="0" v="0" />
<nc c="5" i="0" t="0" v="0" />
<nc c="6" i="0" t="0" v="0" />
<nc c="5" i="1" t="0" v="0" />
<nc c="6" i="1" t="0" v="0" />
<nc c="5" i="2" t="0" v="0" />
<nc c="6" i="2" t="0" v="0" />
<nc c="5" i="3" t="0" v="0" />
<nc c="6" i="3" t="0" v="0" />
<nc c="5" i="4" t="0" v="0" />
<nc c="6" i="4" t="0" v="0" />
<nu p="p" t="0.25" id="0" x="20.40130986" y="42.59444264" />
<nu p="p" t="0.25" id="1" x="8.138940534" y="54.58934106" />
<nu p="p" t="0.25" id="2" x="18.57721212" y="61.1774963" />
<nu p="p" t="0.25" id="3" x="37.00910271" y="41.57056713" />
<nu p="p" t="0.25" id="4" x="65.09854637" y="34.4315389" />
<nu p="p" t="0.329239078" id="4" x="65.30239557" y="34.55948096" />
<nu p="p" t="0.35070211" id="1" x="8.398483191" y="54.7121802" />
<nu p="p" t="0.359805999" id="0" x="20.2480873" y="42.85837135" />
<nu p="p" t="0.382406556" id="2" x="18.92285009" y="61.15699378" />
<nu p="p" t="0.468213063" id="3" x="37.11998765" y="41.11789524" />
<nu p="p" t="0.5" id="1" x="8.599074937" y="55.26929173" />
<nu p="p" t="0.5" id="2" x="19.05160607" y="60.9587072" />
<nu p="p" t="0.5" id="4" x="64.77999524" y="34.22142269" />
<nu p="p" t="0.602841868" id="1" x="8.737249896" y="55.65305061" />
<nu p="p" t="0.60366741" id="4" x="64.46285072" y="34.01619057" />
<nu p="p" t="0.75" id="3" x="36.98689615" y="41.95403036" />
<nu p="p" t="0.75" id="4" x="64.98038406" y="33.92933012" />
<nu p="p" t="0.801034404" id="3" x="36.96279196" y="42.10546271" />
<nu p="p" t="0.850459464" id="0" x="20.37121987" y="41.86598112" />
<nu p="p" t="0.879793095" id="2" x="19.46745095" y="60.31829843" />
<nu p="p" t="0.882517334" id="4" x="65.44905709" y="33.85067017" />
<nc c="1" i="0" t="1" v="0" />
<nc c="2" i="0" t="1" v="0" />
<nc c="3" i="0" t="1" v="0" />
<nc c="4" i="0" t="1" v="0" />
<nc c="1" i="1" t="1" v="0" />
<nc c="2" i="1" t="1" v="0" />
<nc c="3" i="1" t="1" v="0" />
<nc c="4" i="1" t="1" v="0" />
<nc c="1" i="2" t="1" v="0" />
<nc c="2" i="2" t="1" v="0" />
<nc c="3" i="2" t="1" v="0" />
<nc c="4" i="2" t="1" v="0" />
<nc c="1" i="3" t="1" v="0" />
<nc c="2" i="3" t="1" v="0" />
<nc c="3" i="3" t="1" v="0" />
<nc c="4" i="3" t="1" v="0" />
<nc c="1" i="4" t="1" v="0" />
<nc c="2" i="4" t="1" v="0" />
<nc c="3" i="4" t="1" v="0" />
<nc c="4" i="4" t="1" v="0" />
<nc c="5" i="0" t="1" v="0" />
<nc c="6" i="0" t="1" v="0" />
<nc c="5" i="1" t="1" v="0" />
<nc c="6" i="1" t="1" v="0" />
<nc c="5" i="2" t="1" v="0" />
<nc c="6" i="2" t="1" v="0" />
<nc c="5" i="3" t="1" v="0" />
<nc c="6" i="3" t="1" v="0" />
<nc c="5" i="4" t="1" v="0" />
<nc c="6" i="4" t="1" v="0" />
<nu p="p" t="1" id="0" x="20.38495413" y="42.18078753" />
<nu p="p" t="1" id="1" x="8.210796988" y="56.41042284" />
<nu p="p" t="1" id="3" x="36.37368414" y="41.69223872" />
<nu p="p" t="1" id="4" x="65.40925563" y="34.23113415" />
<pr uId="1" fId="4" fbTx="1.00905" meta-info="ns3::WifiMacHeader (DATA ToDS=0, FromDS=0, MoreFrag=0, Retry=0, MoreData=0 Duration/ID=0us, DA=ff:ff:ff:ff:ff:ff, SA=00:00:00:00:00:05, BSSID=00:00:00:00:00:05, FragNumber=0, SeqNumber=0) ns3::LlcSnapHeader (type 0x806) ns3::ArpHeader (request source mac: 00-06-00:00:00:00:00:05 source ipv4: 192.168.1.5 dest ipv4: 192.168.1.1) ns3::WifiMacTrailer ()" />
<wpr uId="1" tId="3" fbRx="1.0090541" lbRx="0" />
<wpr uId="1" tId="0" fbRx="1.009054152" lbRx="0" />
<pr uId="2" fId="0" fbTx="1.009804152" meta-info="ns3::WifiMacHeader (DATA ToDS=0, FromDS=0, MoreFrag=0, Retry=0, MoreData=0 Duration/ID=314us, DA=00:00:00:00:00:05, SA=00:00:00:00:00:01, BSSID=00:00:00:00:00:01, FragNumber=0, SeqNumber=0) ns3::LlcSnapHeader (type 0x806) ns3::ArpHeader (reply source mac: 00-06-00:00:00:00:00:01 source ipv4: 192.168.1.1 dest mac: 00-06-00:00:00:00:00:05 dest ipv4: 192.168.1.5) ns3::WifiMacTrailer ()" />
<wpr uId="2" tId="3" fbRx="1.009808205" lbRx="0" />
<wpr uId="2" tId="2" fbRx="1.009808213" lbRx="0" />
<wpr uId="2" tId="1" fbRx="1.009808214" lbRx="0" />
<wpr uId="2" tId="4" fbRx="1.009808304" lbRx="0" />
<pr uId="3" fId="4" fbTx="1.010518304" meta-info="ns3::WifiMacHeader (CTL_ACK Duration/ID=0us, RA=00:00:00:00:00:01) ns3::WifiMacTrailer ()" />
<wpr uId="3" tId="3" fbRx="1.010522404" lbRx="0" />
<wpr uId="3" tId="0" fbRx="1.010522456" lbRx="0" />
<pr uId="4" fId="4" fbTx="1.010872304" meta-info="ns3::WifiMacHeader (DATA ToDS=0, FromDS=0, MoreFrag=0, Retry=0, MoreData=0 Duration/ID=314us, DA=00:00:00:00:00:01, SA=00:00:00:00:00:05, BSSID=00:00:00:00:00:05, FragNumber=0, SeqNumber=1) ns3::LlcSnapHeader (type 0x800) ns3::Ipv4Header (tos 0x0 DSCP Default ECN Not-ECT ttl 64 id 0 protocol 17 offset (bytes) 0 flags [none] length: 540 192.168.1.5 &gt; 192.168.1.1) ns3::UdpHeader (length: 520 49153 &gt; 20) Payload (size=512) ns3::WifiMacTrailer ()" />
<wpr uId="4" tId="3" fbRx="1.010876404" lbRx="0" />
<wpr uId="4" tId="0" fbRx="1.010876456" lbRx="0" />
<pr uId="5" fId="0" fbTx="1.015682456" meta-info="ns3::WifiMacHeader (CTL_ACK Duration/ID=0us, RA=00:00:00:00:00:05) ns3::WifiMacTrailer ()" />
<wpr uId="5" tId="3" fbRx="1.015686509" lbRx="0" />
<wpr uId="5" tId="2" fbRx="1.015686517" lbRx="0" />
<wpr uId="5" tId="1" fbRx="1.015686519" lbRx="0" />
<wpr uId="5" tId="4" fbRx="1.015686608" lbRx="0" />
<pr uId="6" fId="0" fbTx="1.022722456" meta-info="ns3::WifiMacHeader (DATA ToDS=0, FromDS=0, MoreFrag=0, Retry=0, MoreData=0 Duration/ID=0us, DA=ff:ff:ff:ff:ff:ff, SA=00:00:00:00:00:01, BSSID=00:00:00:00:00:01, FragNumber=0, SeqNumber=1) ns3::LlcSnapHeader (type 0x806) ns3::ArpHeader (request source mac: 00-06-00:00:00:00:00:01 source ipv4: 192.168.1.1 dest ipv4: 192.168.1.5) ns3::WifiMacTrailer ()" />
<wpr uId="6" tId="3" fbRx="1.022726509" lbRx="0" />
<wpr uId="6" tId="2" fbRx="1.022726517" lbRx="0" />
<wpr uId="6" tId="1" fbRx="1.022726519" lbRx="0" />
<wpr uId="6" tId="4" fbRx="1.022726608" lbRx="0" />
<pr uId="7" fId="4" fbTx="1.023476608" meta-info="ns3::WifiMacHeader (DATA ToDS=0, FromDS=0, MoreFrag=0, Retry=0, MoreData=0 Duration/ID=314us, DA=00:00:00:00:00:01, SA=00:00:00:00:00:05, BSSID=00:00:00:00:00:05, FragNumber=0, SeqNumber=2) ns3::LlcSnapHeader (type 0x806) ns3::ArpHeader (reply source mac: 00-06-00:00:00:00:00:05 source ipv4: 192.168.1.5 dest mac: 00-06-00:00:00:00:00:01 dest ipv4: 192.168.1.1) ns3::WifiMacTrailer ()" />
<wpr uId="7" tId="3" fbRx="1.023480708" lbRx="0" />
<wpr uId="7" tId="0" fbRx="1.02348076" lbRx="0" />
<pr uId="8" fId="0" fbTx="1.02419076" meta-info="ns3::WifiMacHeader (CTL_ACK Duration/ID=0us, RA=00:00:00:00:00:05) ns3::WifiMacTrailer ()" />
<wpr uId="8" tId="3" fbRx="1.024194813" lbRx="0" />
<wpr uId="8" tId="2" fbRx="1.024194821" lbRx="0" />
<wpr uId="8" tId="1" fbRx="1.024194823" lbRx="0" />
<wpr uId="8" tId="4" fbRx="1.024194912" lbRx="0" />
<pr uId="9" fId="0" fbTx="1.02482476" meta-info="ns3::WifiMacHeader (DATA ToDS=0, FromDS=0, MoreFrag=0, Retry=0, MoreData=0 Duration/ID=314us, DA=00:00:00:00:00:05, SA=00:00:00:00:00:01, BSSID=00:00:00:00:00:01, FragNumber=0, SeqNumber=2) ns3::LlcSnapHeader (type 0x800) ns3::Ipv4Header (tos 0x0 DSCP Default ECN Not-ECT ttl 64 id 0 protocol 17 offset (bytes) 0 flags [none] length: 540 192.168.1.1 &gt; 192.168.1.5) ns3::UdpHeader (length: 520 20 &gt; 49153) Payload (size=512) ns3::WifiMacTrailer ()" />
<wpr uId="9" tId="3" fbRx="1.024828813" lbRx="0" />
<wpr uId="9" tId="2" fbRx="1.024828821" lbRx="0" />
<wpr uId="9" tId="1" fbRx="1.024828823" lbRx="0" />
<wpr uId="9" tId="4" fbRx="1.024828912" lbRx="0" />
<pr uId="10" fId="4" fbTx="1.029634912" meta-info="ns3::WifiMacHeader (CTL_ACK Duration/ID=0us, RA=00:00:00:00:00:01) ns3::WifiMacTrailer ()" />
<wpr uId="10" tId="3" fbRx="1.029639012" lbRx="0" />
<wpr uId="10" tId="0" fbRx="1.029639064" lbRx="0" />
<nu p="p" t="1.033426532" id="1" x="8.166488454" y="56.47416654" />
<nu p="p" t="1.077535012" id="3" x="36.1441144" y="41.53120924" />
<nu p="p" t="1.173795634" id="2" x="18.4783632" y="60.46562606" />
<nu p="p" t="1.189629289" id="4" x="65.34501193" y="34.84524274" />
<nu p="p" t="1.25" id="1" x="8.209337509" y="55.79187458" />
<nu p="p" t="1.25" id="3" x="35.74804552" y="41.37645439" />
<nu p="p" t="1.32503183" id="0" x="20.41480604" y="42.86503079" />
<nu p="p" t="1.350222936" id="1" x="8.229166614" y="55.47613275" />
<nu p="p" t="1.46330106" id="2" x="17.67794715" y="61.06507092" />
<nu p="p" t="1.483116534" id="3" x="35.21268929" y="41.16727619" />
<nu p="p" t="1.5" id="0" x="20.16847278" y="43.19836053" />
<nu p="p" t="1.5" id="1" x="7.941276519" y="55.24983971" />
<nu p="p" t="1.5" id="2" x="17.73492831" y="60.99116702" />
<nu p="p" t="1.586803322" id="4" x="65.89664657" y="34.01115688" />
<nu p="p" t="1.74717682" id="0" x="19.82047878" y="43.66925409" />
<nu p="p" t="1.748015864" id="3" x="36.09373502" y="41.64030729" />
<nu p="p" t="1.75" id="1" x="7.460745509" y="54.87212328" />
<nu p="p" t="1.75" id="2" x="18.12309457" y="60.48771991" />
<nu p="p" t="1.759246512" id="1" x="7.442972566" y="54.85815304" />
<nu p="p" t="1.856559786" id="2" x="18.28854623" y="60.27313104" />
<nu p="p" t="1.865962207" id="4" x="65.11484013" y="34.63467808" />
<nc c="1" i="0" t="2" v="3" />
<nc c="2" i="0" t="2" v="0" />
<nc c="3" i="0" t="2" v="3" />
<nc c="4" i="0" t="2" v="0" />
<nc c="1" i="1" t="2" v="0" />
<nc c="2" i="1" t="2" v="0" />
<nc c="3" i="1" t="2" v="1" />
<nc c="4" i="1" t="2" v="0" />
<nc c="1" i="2" t="2" v="0" />
<nc c="2" i="2" t="2" v="0" />
<nc c="3" i="2" t="2" v="1" />
<nc c="4" i="2" t="2" v="0" />
<nc c="1" i="3" t="2" v="0" />
<nc c="2" i="3" t="2" v="0" />
<nc c="3" i="3" t="2" v="2" />
<nc c="4" i="3" t="2" v="0" />
<nc c="1" i="4" t="2" v="3" />
<nc c="2" i="4" t="2" v="0" />
<nc c="3" i="4" t="2" v="3" />
<nc c="4" i="4" t="2" v="0" />
<nc c="5" i="0" t="2" v="0" />
<nc c="6" i="0" t="2" v="0" />
<nc c="5" i="1" t="2" v="0" />
<nc c="6" i="1" t="2" v="5" />
<nc c="5" i="2" t="2" v="0" />
<nc c="6" i="2" t="2" v="5" />
<nc c="5" i="3" t="2" v="0" />
<nc c="6" i="3" t="2" v="0" />
<nc c="5" i="4" t="2" v="0" />
<nc c="6" i="4" t="2" v="0" />
<nu p="p" t="2" id="0" x="19.39133404" y="44.18720361" />
<nu p="p" t="2" id="1" x="7.273213313" y="55.50288861" />
<nu p="p" t="2" id="2" x="17.9593716" y="59.82887545" />
<nu p="p" t="2" id="3" x="35.31975439" y="41.933397" />
<nu p="p" t="2" id="4" x="64.66657984" y="34.47271233" />
<pr uId="11" fId="4" fbTx="2.00005" meta-info="ns3::WifiMacHeader (DATA ToDS=0, FromDS=0, MoreFrag=0, Retry=0, MoreData=0 Duration/ID=314us, DA=00:00:00:00:00:01, SA=00:00:00:00:00:05, BSSID=00:00:00:00:00:05, FragNumber=0, SeqNumber=3) ns3::LlcSnapHeader (type 0x800) ns3::Ipv4Header (tos 0x0 DSCP Default ECN Not-ECT ttl 64 id 1 protocol 17 offset (bytes) 0 flags [none] length: 540 192.168.1.5 &gt; 192.168.1.1) ns3::UdpHeader (length: 520 49153 &gt; 20) Payload (size=512) ns3::WifiMacTrailer ()" />
<wpr uId="11" tId="3" fbRx="2.000054101" lbRx="0" />
<wpr uId="11" tId="0" fbRx="2.000054154" lbRx="0" />
<pr uId="12" fId="0" fbTx="2.004860154" meta-info="ns3::WifiMacHeader (CTL_ACK Duration/ID=0us, RA=00:00:00:00:00:05) ns3::WifiMacTrailer ()" />
<wpr uId="12" tId="2" fbRx="2.004864206" lbRx="0" />
<wpr uId="12" tId="3" fbRx="2.004864208" lbRx="0" />
<wpr uId="12" tId="1" fbRx="2.004864209" lbRx="0" />
<wpr uId="12" tId="4" fbRx="2.004864308" lbRx="0" />
<pr uId="13" fId="0" fbTx="2.005214154" meta-info="ns3::WifiMacHeader (DATA ToDS=0, FromDS=0, MoreFrag=0, Retry=0, MoreData=0 Duration/ID=314us, DA=00:00:00:00:00:05, SA=00:00:00:00:00:01, BSSID=00:00:00:00:00:01, FragNumber=0, SeqNumber=3) ns3::LlcSnapHeader (type 0x800) ns3::Ipv4Header (tos 0x0 DSCP Default ECN Not-ECT ttl 64 id 1 protocol 17 offset (bytes) 0 flags [none] length: 540 192.168.1.1 &gt; 192.168.1.5) ns3::UdpHeader (length: 520 20 &gt; 49153) Payload (size=512) ns3::WifiMacTrailer ()" />
<wpr uId="13" tId="2" fbRx="2.005218206" lbRx="0" />
<wpr uId="13" tId="3" fbRx="2.005218208" lbRx="0" />
<wpr uId="13" tId="1" fbRx="2.005218209" lbRx="0" />
<wpr uId="13" tId="4" fbRx="2.005218308" lbRx="0" />
<pr uId="14" fId="4" fbTx="2.010024308" meta-info="ns3::WifiMacHeader (CTL_ACK Duration/ID=0us, RA=00:00:00:00:00:01) ns3::WifiMacTrailer ()" />
<wpr uId="14" tId="3" fbRx="2.010028409" lbRx="0" />
<wpr uId="14" tId="0" fbRx="2.010028462" lbRx="0" />
<pr uId="15" fId="3" fbTx="2.010598409" meta-info="ns3::WifiMacHeader (DATA ToDS=0, FromDS=0, MoreFrag=0, Retry=0, MoreData=0 Duration/ID=0us, DA=ff:ff:ff:ff:ff:ff, SA=00:00:00:00:00:04, BSSID=00:00:00:00:00:04, FragNumber=0, SeqNumber=0) ns3::LlcSnapHeader (type 0x806) ns3::ArpHeader (request source mac: 00-06-00:00:00:00:00:04 source ipv4: 192.168.1.4 dest ipv4: 192.168.1.1) ns3::WifiMacTrailer ()" />
<wpr uId="15" tId="0" fbRx="2.010602463" lbRx="0" />
<wpr uId="15" tId="2" fbRx="2.010602492" lbRx="0" />
<wpr uId="15" tId="4" fbRx="2.01060251" lbRx="0" />
<wpr uId="15" tId="1" fbRx="2.010602513" lbRx="0" />
<pr uId="16" fId="0" fbTx="2.011352463" meta-info="ns3::WifiMacHeader (DATA ToDS=0, FromDS=0, MoreFrag=0, Retry=0, MoreData=0 Duration/ID=314us, DA=00:00:00:00:00:04, SA=00:00:00:00:00:01, BSSID=00:00:00:00:00:01, FragNumber=0, SeqNumber=4) ns3::LlcSnapHeader (type 0x806) ns3::ArpHeader (reply source mac: 00-06-00:00:00:00:00:01 source ipv4: 192.168.1.1 dest mac: 00-06-00:00:00:00:00:04 dest ipv4: 192.168.1.4) ns3::WifiMacTrailer ()" />
<wpr uId="16" tId="2" fbRx="2.011356515" lbRx="0" />
<wpr uId="16" tId="3" fbRx="2.011356517" lbRx="0" />
<wpr uId="16" tId="1" fbRx="2.011356518" lbRx="0" />
<wpr uId="16" tId="4" fbRx="2.011356617" lbRx="0" />
<pr uId="17" fId="3" fbTx="2.012066517" meta-info="ns3::WifiMacHeader (CTL_ACK Duration/ID=0us, RA=00:00:00:00:00:01) ns3::WifiMacTrailer ()" />
<wpr uId="17" tId="0" fbRx="2.012070571" lbRx="0" />
<wpr uId="17" tId="2" fbRx="2.0120706" lbRx="0" />
<wpr uId="17" tId="4" fbRx="2.012070618" lbRx="0" />
<wpr uId="17" tId="1" fbRx="2.012070621" lbRx="0" />
<pr uId="18" fId="3" fbTx="2.012480517" meta-info="ns3::WifiMacHeader (DATA ToDS=0, FromDS=0, MoreFrag=0, Retry=0, MoreData=0 Duration/ID=314us, DA=00:00:00:00:00:01, SA=00:00:00:00:00:04, BSSID=00:00:00:00:00:04, FragNumber=0, SeqNumber=1) ns3::LlcSnapHeader (type 0x800) ns3::Ipv4Header (tos 0x0 DSCP Default ECN Not-ECT ttl 64 id 0 protocol 17 offset (bytes) 0 flags [none] length: 540 192.168.1.4 &gt; 192.168.1.1) ns3::UdpHeader (length: 520 49153 &gt; 20) Payload (size=512) ns3::WifiMacTrailer ()" />
<wpr uId="18" tId="0" fbRx="2.012484571" lbRx="0" />
<wpr uId="18" tId="2" fbRx="2.0124846" lbRx="0" />
<wpr uId="18" tId="4" fbRx="2.012484618" lbRx="0" />
<wpr uId="18" tId="1" fbRx="2.012484621" lbRx="0" />
<pr uId="19" fId="0" fbTx="2.017290571" meta-info="ns3::WifiMacHeader (CTL_ACK Duration/ID=0us, RA=00:00:00:00:00:04) ns3::WifiMacTrailer ()" />
<wpr uId="19" tId="2" fbRx="2.017294623" lbRx="0" />
<wpr uId="19" tId="3" fbRx="2.017294625" lbRx="0" />
<wpr uId="19" tId="1" fbRx="2.017294626" lbRx="0" />
<wpr uId="19" tId="4" fbRx="2.017294725" lbRx="0" />
<pr uId="20" fId="0" fbTx="2.024330571" meta-info="ns3::WifiMacHeader (DATA ToDS=0, FromDS=0, MoreFrag=0, Retry=0, MoreData=0 Duration/ID=0us, DA=ff:ff:ff:ff:ff:ff, SA=00:00:00:00:00:01, BSSID=00:00:00:00:00:01, FragNumber=0, SeqNumber=5) ns3::LlcSnapHeader (type 0x806) ns3::ArpHeader (request source mac: 00-06-00:00:00:00:00:01 source ipv4: 192.168.1.1 dest ipv4: 192.168.1.4) ns3::WifiMacTrailer ()" />
<wpr uId="20" tId="2" fbRx="2.024334623" lbRx="0" />
<wpr uId="20" tId="3" fbRx="2.024334625" lbRx="0" />
<wpr uId="20" tId="1" fbRx="2.024334626" lbRx="0" />
<wpr uId="20" tId="4" fbRx="2.024334725" lbRx="0" />
<pr uId="21" fId="3" fbTx="2.025084625" meta-info="ns3::WifiMacHeader (DATA ToDS=0, FromDS=0, MoreFrag=0, Retry=0, MoreData=0 Duration/ID=314us, DA=00:00:00:00:00:01, SA=00:00:00:00:00:04, BSSID=00:00:00:00:00:04, FragNumber=0, SeqNumber=2) ns3::LlcSnapHeader (type 0x806) ns3::ArpHeader (reply source mac: 00-06-00:00:00:00:00:04 source ipv4: 192.168.1.4 dest mac: 00-06-00:00:00:00:00:01 dest ipv4: 192.168.1.1) ns3::WifiMacTrailer ()" />
<wpr uId="21" tId="0" fbRx="2.025088679" lbRx="0" />
<wpr uId="21" tId="2" fbRx="2.025088708" lbRx="0" />
<wpr uId="21" tId="4" fbRx="2.025088726" lbRx="0" />
<wpr uId="21" tId="1" fbRx="2.025088729" lbRx="0" />
<pr uId="22" fId="0" fbTx="2.025798679" meta-info="ns3::WifiMacHeader (CTL_ACK Duration/ID=0us, RA=00:00:00:00:00:04) ns3::WifiMacTrailer ()" />
<wpr uId="22" tId="2" fbRx="2.025802731" lbRx="0" />
<wpr uId="22" tId="3" fbRx="2.025802733" lbRx="0" />
<wpr uId="22" tId="1" fbRx="2.025802734" lbRx="0" />
<wpr uId="22" tId="4" fbRx="2.025802833" lbRx="0" />
<pr uId="23" fId="0" fbTx="2.026352679" meta-info="ns3::WifiMacHeader (DATA ToDS=0, FromDS=0, MoreFrag=0, Retry=0, MoreData=0 Duration/ID=314us, DA=00:00:00:00:00:04, SA=00:00:00:00:00:01, BSSID=00:00:00:00:00:01, FragNumber=0, SeqNumber=6) ns3::LlcSnapHeader (type 0x800) ns3::Ipv4Header (tos 0x0 DSCP Default ECN Not-ECT ttl 64 id 0 protocol 17 offset (bytes) 0 flags [none] length: 540 192.168.1.1 &gt; 192.168.1.4) ns3::UdpHeader (length: 520 20 &gt; 49153) Payload (size=512) ns3::WifiMacTrailer ()" />
<wpr uId="23" tId="2" fbRx="2.026356731" lbRx="0" />
<wpr uId="23" tId="3" fbRx="2.026356733" lbRx="0" />
<wpr uId="23" tId="1" fbRx="2.026356734" lbRx="0" />
<wpr uId="23" tId="4" fbRx="2.026356833" lbRx="0" />
<pr uId="24" fId="3" fbTx="2.031162733" meta-info="ns3::WifiMacHeader (CTL_ACK Duration/ID=0us, RA=00:00:00:00:00:01) ns3::WifiMacTrailer ()" />
<wpr uId="24" tId="0" fbRx="2.031166787" lbRx="0" />
<wpr uId="24" tId="2" fbRx="2.031166816" lbRx="0" />
<wpr uId="24" tId="4" fbRx="2.031166834" lbRx="0" />
<wpr uId="24" tId="1" fbRx="2.031166837" lbRx="0" />
<nu p="p" t="2.052485878" id="3" x="35.15854165" y="41.99444477" />
<nu p="p" t="2.115983537" id="2" x="17.69320609" y="59.46965726" />
<nu p="p" t="2.120353297" id="1" x="7.188350219" y="55.82519361" />
<nu p="p" t="2.123046999" id="0" x="19.18247276" y="44.43928546" />
<nu p="p" t="2.147185701" id="4" x="64.17434923" y="34.29485918" />
<nu p="p" t="2.25" id="3" x="34.50011178" y="41.62597701" />
<nu p="p" t="2.314260885" id="3" x="34.28589274" y="41.50609665" />
<nu p="p" t="2.370432168" id="1" x="8.182195735" y="55.71441866" />
<nu p="p" t="2.384941306" id="2" x="17.54669958" y="60.45886696" />
<nu p="p" t="2.431000636" id="0" x="18.98364988" y="43.45925002" />
<nu p="p" t="2.5" id="0" x="19.06872386" y="43.32193767" />
<nu p="p" t="2.5" id="1" x="7.798887489" y="55.76854701" />
<nu p="p" t="2.5" id="3" x="33.77481254" y="41.20605069" />
<nu p="p" t="2.5" id="4" x="64.14136124" y="35.02872463" />
<nu p="p" t="2.62746229" id="4" x="64.12944357" y="35.29385042" />
<nu p="p" t="2.627666828" id="3" x="33.42352418" y="40.99981564" />
<nu p="p" t="2.705136585" id="1" x="7.192019693" y="55.854245" />
<nu p="p" t="2.739988685" id="2" x="17.57129825" y="61.45856437" />
<nu p="p" t="2.75" id="0" x="19.37696573" y="42.82442456" />
<nu p="p" t="2.858159293" id="0" x="19.51032263" y="42.60918189" />
<nu p="p" t="2.974684528" id="1" x="7.546008804" y="54.91899546" />
<nc c="1" i="0" t="3" v="7" />
<nc c="2" i="0" t="3" v="0" />
<nc c="3" i="0" t="3" v="7" />
<nc c="4" i="0" t="3" v="0" />
<nc c="1" i="1" t="3" v="0" />
<nc c="2" i="1" t="3" v="0" />
<nc c="3" i="1" t="3" v="3" />
<nc c="4" i="1" t="3" v="0" />
<nc c="1" i="2" t="3" v="0" />
<nc c="2" i="2" t="3" v="0" />
<nc c="3" i="2" t="3" v="3" />
<nc c="4" i="2" t="3" v="0" />
<nc c="1" i="3" t="3" v="3" />
<nc c="2" i="3" t="3" v="0" />
<nc c="3" i="3" t="3" v="5" />
<nc c="4" i="3" t="3" v="0" />
<nc c="1" i="4" t="3" v="4" />
<nc c="2" i="4" t="3" v="0" />
<nc c="3" i="4" t="3" v="6" />
<nc c="4" i="4" t="3" v="0" />
<nc c="5" i="0" t="3" v="0" />
<nc c="6" i="0" t="3" v="0" />
<nc c="5" i="1" t="3" v="0" />
<nc c="6" i="1" t="3" v="7" />
<nc c="5" i="2" t="3" v="0" />
<nc c="6" i="2" t="3" v="7" />
<nc c="5" i="3" t="3" v="0" />
<nc c="6" i="3" t="3" v="0" />
<nc c="5" i="4" t="3" v="0" />
<nc c="6" i="4" t="3" v="0" />
<nu p="p" t="3" id="0" x="20.04713777" y="42.55636783" />
<nu p="p" t="3" id="3" x="32.45414295" y="40.90921254" />
<nu p="p" t="3" id="4" x="64.70484033" y="34.48216582" />
<nu p="p" t="3.00189317" id="4" x="64.7077644" y="34.47804099" />
<nu p="p" t="3.010093727" id="3" x="32.42786361" y="40.90675635" />
<nu p="p" t="3.121116072" id="0" x="20.50551776" y="42.51127054" />
<nu p="p" t="3.157880636" id="2" x="16.6588911" y="61.04928061" />
<nu p="p" t="3.25" id="1" x="8.392631353" y="55.17457123" />
<nu p="p" t="3.25" id="4" x="64.09477499" y="33.97726614" />
<nu p="p" t="3.286001364" id="1" x="8.50333914" y="55.20799135" />
<nu p="p" t="3.31534245" id="4" x="63.93333554" y="33.84537998" />
<nu p="p" t="3.393889517" id="3" x="32.56551779" y="39.916276" />
<nu p="p" t="3.428888324" id="0" x="19.51636338" y="42.65815013" />
<nu p="p" t="3.465752261" id="2" x="16.95449705" y="62.00459057" />
<nu p="p" t="3.5" id="1" x="8.157992124" y="54.81767946" />
<nu p="p" t="3.5" id="2" x="17.01716358" y="61.95742758" />
<nu p="p" t="3.5" id="4" x="64.09788692" y="34.44372207" />
<nu p="p" t="3.612910102" id="4" x="64.19850297" y="34.80958236" />
<nu p="p" t="3.696621066" id="1" x="7.840688708" y="54.45906251" />
<nu p="p" t="3.724317164" id="3" x="32.65090969" y="38.91992856" />
<nu p="p" t="3.75" id="0" x="19.08438269" y="41.96190155" />
<nu p="p" t="3.75" id="1" x="8.042189669" y="54.42430674" />
<nu p="p" t="3.75" id="4" x="63.7666699" y="34.79471693" />
<nu p="p" t="3.820788378" id="0" x="18.98915347" y="41.80841504" />
<nu p="p" t="3.902412312" id="2" x="17.75349782" y="61.40326056" />
<nu p="p" t="3.930182563" id="4" x="63.19909496" y="34.77517871" />
<nu p="p" t="3.957672865" id="1" x="8.826137171" y="54.28908802" />
<nc c="1" i="0" t="4" v="7" />
<nc c="2" i="0" t="4" v="0" />
<nc c="3" i="0" t="4" v="7" />
<nc c="4" i="0" t="4" v="0" />
<nc c="1" i="1" t="4" v="0" />
<nc c="2" i="1" t="4" v="0" />
<nc c="3" i="1" t="4" v="3" />
<nc c="4" i="1" t="4" v="0" />
<nc c="1" i="2" t="4" v="0" />
<nc c="2" i="2" t="4" v="0" />
<nc c="3" i="2" t="4" v="3" />
<nc c="4" i="2" t="4" v="0" />
<nc c="1" i="3" t="4" v="4" />
<nc c="2" i="3" t="4" v="0" />
<nc c="3" i="3" t="4" v="5" />
<nc c="4" i="3" t="4" v="0" />
<nc c="1" i="4" t="4" v="4" />
<nc c="2" i="4" t="4" v="0" />
<nc c="3" i="4" t="4" v="6" />
<nc c="4" i="4" t="4" v="0" />
<nc c="5" i="0" t="4" v="0" />
<nc c="6" i="0" t="4" v="0" />
<nc c="5" i="1" t="4" v="0" />
<nc c="6" i="1" t="4" v="7" />
<nc c="5" i="2" t="4" v="0" />
<nc c="6" i="2" t="4" v="7" />
<nc c="5" i="3" t="4" v="0" />
<nc c="6" i="3" t="4" v="0" />
<nc c="5" i="4" t="4" v="0" />
<nc c="6" i="4" t="4" v="0" />
<pr uId="25" fId="3" fbTx="4.00005" meta-info="ns3::WifiMacHeader (DATA ToDS=0, FromDS=0, MoreFrag=0, Retry=0, MoreData=0 Duration/ID=314us, DA=00:00:00:00:00:01, SA=00:00:00:00:00:04, BSSID=00:00:00:00:00:04, FragNumber=0, SeqNumber=3) ns3::LlcSnapHeader (type 0x800) ns3::Ipv4Header (tos 0x0 DSCP Default ECN Not-ECT ttl 64 id 1 protocol 17 offset (bytes) 0 flags [none] length: 540 192.168.1.4 &gt; 192.168.1.1) ns3::UdpHeader (length: 520 49153 &gt; 20) Payload (size=512) ns3::WifiMacTrailer ()" />
<wpr uId="25" tId="0" fbRx="4.000054046" lbRx="0" />
<wpr uId="25" tId="2" fbRx="4.00005409" lbRx="0" />
<wpr uId="25" tId="1" fbRx="4.000054095" lbRx="0" />
<wpr uId="25" tId="4" fbRx="4.000054103" lbRx="0" />
<pr uId="26" fId="0" fbTx="4.004860046" meta-info="ns3::WifiMacHeader (CTL_ACK Duration/ID=0us, RA=00:00:00:00:00:04) ns3::WifiMacTrailer ()" />
<wpr uId="26" tId="3" fbRx="4.004864092" lbRx="0" />
<wpr uId="26" tId="1" fbRx="4.0048641" lbRx="0" />
<wpr uId="26" tId="2" fbRx="4.004864112" lbRx="0" />
<wpr uId="26" tId="4" fbRx="4.004864195" lbRx="0" />
<pr uId="27" fId="0" fbTx="4.005214046" meta-info="ns3::WifiMacHeader (DATA ToDS=0, FromDS=0, MoreFrag=0, Retry=0, MoreData=0 Duration/ID=314us, DA=00:00:00:00:00:04, SA=00:00:00:00:00:01, BSSID=00:00:00:00:00:01, FragNumber=0, SeqNumber=7) ns3::LlcSnapHeader (type 0x800) ns3::Ipv4Header (tos 0x0 DSCP Default ECN Not-ECT ttl 64 id 1 protocol 17 offset (bytes) 0 flags [none] length: 540 192.168.1.1 &gt; 192.168.1.4) ns3::UdpHeader (length: 520 20 &gt; 49153) Payload (size=512) ns3::WifiMacTrailer ()" />
<wpr uId="27" tId="3" fbRx="4.005218092" lbRx="0" />
<wpr uId="27" tId="1" fbRx="4.0052181" lbRx="0" />
<wpr uId="27" tId="2" fbRx="4.005218112" lbRx="0" />
<wpr uId="27" tId="4" fbRx="4.005218195" lbRx="0" />
<pr uId="28" fId="3" fbTx="4.010024092" meta-info="ns3::WifiMacHeader (CTL_ACK Duration/ID=0us, RA=00:00:00:00:00:01) ns3::WifiMacTrailer ()" />
<wpr uId="28" tId="0" fbRx="4.010028138" lbRx="0" />
<wpr uId="28" tId="2" fbRx="4.010028182" lbRx="0" />
<wpr uId="28" tId="1" fbRx="4.010028187" lbRx="0" />
<wpr uId="28" tId="4" fbRx="4.010028195" lbRx="0" />
<nu p="p" t="4.128731877" id="3" x="32.18131269" y="38.03704767" />
<nu p="p" t="4.25" id="0" x="18.70543326" y="40.93055055" />
<nu p="p" t="4.25" id="1" x="9.41796541" y="54.69159902" />
<nu p="p" t="4.25" id="2" x="17.80776871" y="60.55884284" />
<nu p="p" t="4.25" id="3" x="31.81553382" y="38.08278199" />
<nu p="p" t="4.25" id="4" x="62.64170554" y="35.38768446" />
<nu p="p" t="4.286020987" id="0" x="18.68162244" y="40.85687699" />
<nu p="p" t="4.313194812" id="2" x="17.81763568" y="60.40531951" />
<nu p="p" t="4.316361652" id="4" x="62.52604805" y="35.51477851" />
<nu p="p" t="4.366102478" id="1" x="9.653019625" y="54.85146282" />
<nu p="p" t="4.457704383" id="3" x="31.18903881" y="38.16111436" />
<nu p="p" t="4.5" id="0" x="19.44423802" y="41.18812905" />
<nu p="p" t="4.5" id="2" x="18.13630859" y="60.71744381" />
<nu p="p" t="4.543377177" id="0" x="19.59883314" y="41.25527946" />
<nu p="p" t="4.68619062" id="4" x="62.22932399" y="36.46974177" />
<nu p="p" t="4.71218827" id="1" x="8.696191812" y="54.56080746" />
<nu p="p" t="4.731979479" id="2" x="18.53204478" y="61.10504777" />
<nu p="p" t="4.740630781" id="3" x="30.25681997" y="37.79921932" />
<nu p="p" t="4.91227685" id="0" x="19.59932704" y="42.25527934" />
<nu p="p" t="4.973090184" id="1" x="9.63193072" y="54.20811398" />
<nc c="1" i="0" t="5" v="8" />
<nc c="2" i="0" t="5" v="0" />
<nc c="3" i="0" t="5" v="8" />
<nc c="4" i="0" t="5" v="0" />
<nc c="1" i="1" t="5" v="0" />
<nc c="2" i="1" t="5" v="0" />
<nc c="3" i="1" t="5" v="3" />
<nc c="4" i="1" t="5" v="0" />
<nc c="1" i="2" t="5" v="0" />
<nc c="2" i="2" t="5" v="0" />
<nc c="3" i="2" t="5" v="3" />
<nc c="4" i="2" t="5" v="0" />
<nc c="1" i="3" t="5" v="4" />
<nc c="2" i="3" t="5" v="0" />
<nc c="3" i="3" t="5" v="6" />
<nc c="4" i="3" t="5" v="0" />
<nc c="1" i="4" t="5" v="4" />
<nc c="2" i="4" t="5" v="0" />
<nc c="3" i="4" t="5" v="6" />
<nc c="4" i="4" t="5" v="0" />
<nc c="5" i="0" t="5" v="0" />
<nc c="6" i="0" t="5" v="0" />
<nc c="5" i="1" t="5" v="0" />
<nc c="6" i="1" t="5" v="7" />
<nc c="5" i="2" t="5" v="0" />
<nc c="6" i="2" t="5" v="7" />
<nc c="5" i="3" t="5" v="0" />
<nc c="6" i="3" t="5" v="0" />
<nc c="5" i="4" t="5" v="0" />
<nc c="6" i="4" t="5" v="0" />
<nu p="p" t="5" id="3" x="30.7350306" y="38.14244313" />
<nu p="p" t="5.086296075" id="2" x="18.01261181" y="61.95955897" />
<nu p="p" t="5.134183502" id="4" x="63.08273077" y="36.99098726" />
<nu p="p" t="5.181261056" id="3" x="31.06922973" y="38.38230626" />
<nu p="p" t="5.237498767" id="1" x="9.08634075" y="53.37006172" />
<nu p="p" t="5.24560217" id="0" x="20.38684585" y="41.63898873" />
<nu p="p" t="5.25" id="2" x="18.19810303" y="62.34526309" />
<nu p="p" t="5.25" id="4" x="62.68144779" y="36.99193176" />
<nu p="p" t="5.422798228" id="4" x="62.08273354" y="36.99334096" />
<nu p="p" t="5.468791637" id="2" x="18.44601356" y="62.8607598" />
<nu p="p" t="5.5" id="0" x="19.56558751" y="42.09215116" />
<nu p="p" t="5.5" id="1" x="9.877552495" y="52.86238366" />
<nu p="p" t="5.5" id="3" x="30.86812137" y="37.72963584" />
<nu p="p" t="5.5" id="4" x="61.88683316" y="36.97175873" />
<nu p="p" t="5.516731218" id="1" x="9.927982492" y="52.83002544" />
<nu p="p" t="5.516818683" id="0" x="19.5112927" y="42.12211052" />
<nu p="p" t="5.647968832" id="3" x="30.77476043" y="37.42664532" />
<nu p="p" t="5.75" id="0" x="19.2291766" y="41.54523201" />
<nu p="p" t="5.75" id="2" x="18.31757124" y="61.90883805" />
<nu p="p" t="5.761549901" id="2" x="18.3122958" y="61.86974034" />
<nu p="p" t="5.814515086" id="4" x="61.08874751" y="36.88383408" />
<nu p="p" t="5.815380671" id="1" x="9.928182098" y="51.83002546" />
<nu p="p" t="5.879935068" id="0" x="19.07197372" y="41.22377938" />
<nc c="1" i="0" t="6" v="8" />
<nc c="2" i="0" t="6" v="0" />
<nc c="3" i="0" t="6" v="8" />
<nc c="4" i="0" t="6" v="0" />
<nc c="1" i="1" t="6" v="0" />
<nc c="2" i="1" t="6" v="0" />
<nc c="3" i="1" t="6" v="3" />
<nc c="4" i="1" t="6" v="0" />
<nc c="1" i="2" t="6" v="0" />
<nc c="2" i="2" t="6" v="0" />
<nc c="3" i="2" t="6" v="3" />
<nc c="4" i="2" t="6" v="0" />
<nc c="1" i="3" t="6" v="4" />
<nc c="2" i="3" t="6" v="0" />
<nc c="3" i="3" t="6" v="6" />
<nc c="4" i="3" t="6" v="0" />
<nc c="1" i="4" t="6" v="4" />
<nc c="2" i="4" t="6" v="0" />
<nc c="3" i="4" t="6" v="6" />
<nc c="4" i="4" t="6" v="0" />
<nc c="5" i="0" t="6" v="0" />
<nc c="6" i="0" t="6" v="0" />
<nc c="5" i="1" t="6" v="0" />
<nc c="6" i="1" t="6" v="7" />
<nc c="5" i="2" t="6" v="0" />
<nc c="6" i="2" t="6" v="7" />
<nc c="5" i="3" t="6" v="0" />
<nc c="6" i="3" t="6" v="0" />
<nc c="5" i="4" t="6" v="0" />
<nc c="6" i="4" t="6" v="0" />
<nu p="p" t="6" id="0" x="18.97482358" y="41.59584211" />
<nu p="p" t="6" id="3" x="31.18223174" y="36.73795039" />
<nu p="p" t="6" id="4" x="61.53749641" y="37.25821888" />
<nu p="p" t="6.041198967" id="2" x="18.81900116" y="61.00762104" />
<nu p="p" t="6.073852548" id="1" x="8.97358644" y="51.5321209" />
<nu p="p" t="6.087893158" id="3" x="31.28396688" y="36.56600092" />
<nu p="p" t="6.131901319" id="4" x="61.85660901" y="37.52444996" />
<nu p="p" t="6.192167404" id="0" x="18.81933198" y="42.19133928" />
<nu p="p" t="6.25" id="4" x="62.18157616" y="37.21691182" />
<nu p="p" t="6.378903707" id="2" x="17.97142237" y="61.53829061" />
<nu p="p" t="6.395857031" id="4" x="62.58292479" y="36.83708878" />
<nu p="p" t="6.430900939" id="1" x="8.076430742" y="51.09040645" />
<nu p="p" t="6.431465252" id="3" x="31.87619744" y="35.76023236" />
<nu p="p" t="6.5" id="1" x="7.955805069" y="50.97011122" />
<nu p="p" t="6.5" id="2" x="18.25719105" y="61.83254058" />
<nu p="p" t="6.603906879" id="0" x="17.85867924" y="42.46909154" />
<nu p="p" t="6.674131651" id="2" x="18.66811504" y="62.25566032" />
<nu p="p" t="6.75" id="0" x="18.12074716" y="41.98709877" />
<nu p="p" t="6.75" id="4" x="63.21867696" y="37.30393084" />
<nu p="p" t="6.821068085" id="3" x="30.87619744" y="35.76021832" />
<nu p="p" t="6.836514304" id="1" x="7.368354765" y="50.38427019" />
<nu p="p" t="6.844851231" id="4" x="63.38895247" y="37.42896662" />
<nu p="p" t="6.870193258" id="0" x="18.33635483" y="41.59055524" />
<nu p="p" t="6.97706216" id="2" x="17.74621293" y="62.64308322" />
<nc c="1" i="0" t="7" v="8" />
<nc c="2" i="0" t="7" v="0" />
<nc c="3" i="0" t="7" v="8" />
<nc c="4" i="0" t="7" v="0" />
<nc c="1" i="1" t="7" v="0" />
<nc c="2" i="1" t="7" v="0" />
<nc c="3" i="1" t="7" v="3" />
<nc c="4" i="1" t="7" v="0" />
<nc c="1" i="2" t="7" v="0" />
<nc c="2" i="2" t="7" v="0" />
<nc c="3" i="2" t="7" v="3" />
<nc c="4" i="2" t="7" v="0" />
<nc c="1" i="3" t="7" v="4" />
<nc c="2" i="3" t="7" v="0" />
<nc c="3" i="3" t="7" v="6" />
<nc c="4" i="3" t="7" v="0" />
<nc c="1" i="4" t="7" v="4" />
<nc c="2" i="4" t="7" v="0" />
<nc c="3" i="4" t="7" v="6" />
<nc c="4" i="4" t="7" v="0" />
<nc c="5" i="0" t="7" v="0" />
<nc c="6" i="0" t="7" v="0" />
<nc c="5" i="1" t="7" v="0" />
<nc c="6" i="1" t="7" v="7" />
<nc c="5" i="2" t="7" v="0" />
<nc c="6" i="2" t="7" v="7" />
<nc c="5" i="3" t="7" v="0" />
<nc c="6" i="3" t="7" v="0" />
<nc c="5" i="4" t="7" v="0" />
<nc c="6" i="4" t="7" v="0" />
<nu p="p" t="7" id="1" x="7.617611486" y="49.83375338" />
<nu p="p" t="7" id="4" x="63.14518599" y="36.96737137" />
<nu p="p" t="7.074497753" id="3" x="31.02853241" y="34.77188939" />
<nu p="p" t="7.107044507" id="1" x="7.78081575" y="49.47329493" />
<nu p="p" t="7.142066586" id="4" x="62.92197396" y="36.54469796" />
<nu p="p" t="7.25" id="0" x="18.76006662" y="42.44773753" />
<nu p="p" t="7.25" id="2" x="16.85654727" y="62.98768718" />
<nu p="p" t="7.25" id="4" x="63.30868424" y="36.73254479" />
<nu p="p" t="7.263138384" id="2" x="16.81372151" y="63.00427535" />
<nu p="p" t="7.267403039" id="0" x="18.77948142" y="42.48701429" />
<nu p="p" t="7.374195181" id="3" x="31.86286466" y="34.22062748" />
<nu p="p" t="7.378030639" id="1" x="7.673713473" y="50.46754293" />
<nu p="p" t="7.393121188" id="4" x="63.82146738" y="36.98163226" />
<nu p="p" t="7.5" id="2" x="17.55259829" y="63.59570722" />
<nu p="p" t="7.5" id="4" x="64.00423425" y="36.70685433" />
<nu p="p" t="7.513406772" id="2" x="17.59441997" y="63.62918327" />
<nu p="p" t="7.702894505" id="0" x="17.79220137" y="42.64600519" />
<nu p="p" t="7.716986502" id="4" x="64.37528951" y="36.14899726" />
<nu p="p" t="7.736463827" id="3" x="31.34193738" y="35.07422854" />
<nu p="p" t="7.75" id="1" x="7.14657512" y="49.72552366" />
<nu p="p" t="7.75" id="2" x="18.5363411" y="63.60269501" />
<nu p="p" t="7.764489083" id="2" x="18.5940248" y="63.60107285" />
<nu p="p" t="7.786697521" id="1" x="7.094569034" y="49.65231798" />
<nc c="1" i="0" t="8" v="8" />
<nc c="2" i="0" t="8" v="0" />
<nc c="3" i="0" t="8" v="8" />
<nc c="4" i="0" t="8" v="0" />
<nc c="1" i="1" t="8" v="0" />
<nc c="2" i="1" t="8" v="0" />
<nc c="3" i="1" t="8" v="3" />
<nc c="4" i="1" t="8" v="0" />
<nc c="1" i="2" t="8" v="0" />
<nc c="2" i="2" t="8" v="0" />
<nc c="3" i="2" t="8" v="3" />
<nc c="4" i="2" t="8" v="0" />
<nc c="1" i="3" t="8" v="4" />
<nc c="2" i="3" t="8" v="0" />
<nc c="3" i="3" t="8" v="6" />
<nc c="4" i="3" t="8" v="0" />
<nc c="1" i="4" t="8" v="4" />
<nc c="2" i="4" t="8" v="0" />
<nc c="3" i="4" t="8" v="6" />
<nc c="4" i="4" t="8" v="0" />
<nc c="5" i="0" t="8" v="0" />
<nc c="6" i="0" t="8" v="0" />
<nc c="5" i="1" t="8" v="0" />
<nc c="6" i="1" t="8" v="7" />
<nc c="5" i="2" t="8" v="0" />
<nc c="6" i="2" t="8" v="7" />
<nc c="5" i="3" t="8" v="0" />
<nc c="6" i="3" t="8" v="0" />
<nc c="5" i="4" t="8" v="0" />
<nc c="6" i="4" t="8" v="0" />
<nu p="p" t="8" id="0" x="18.51238789" y="43.15001606" />
<nu p="p" t="8" id="2" x="18.25764947" y="64.2773976" />
<nu p="p" t="8" id="4" x="65.06605259" y="36.24094451" />
<nu p="p" t="8.040886542" id="0" x="18.61149725" y="43.21937615" />
<nu p="p" t="8.076276828" id="2" x="18.14870486" y="64.49644437" />
<nu p="p" t="8.123115747" id="4" x="65.36654643" y="36.28094315" />
<nu p="p" t="8.140849483" id="3" x="31.23178301" y="36.06814303" />
<nu p="p" t="8.150478532" id="1" x="7.872772548" y="49.02430581" />
<nu p="p" t="8.25" id="0" x="17.98708404" y="42.93154269" />
<nu p="p" t="8.25" id="1" x="7.829162224" y="48.7050673" />
<nu p="p" t="8.25" id="2" x="17.83956388" y="64.00243871" />
<nu p="p" t="8.25" id="3" x="31.36734368" y="35.78589927" />
<nu p="p" t="8.345024641" id="0" x="17.70334027" y="42.80074638" />
<nu p="p" t="8.374380746" id="2" x="17.61822792" y="63.648745" />
<nu p="p" t="8.459356224" id="1" x="7.737422292" y="48.033508" />
<nu p="p" t="8.489450017" id="3" x="31.66473125" y="35.16672425" />
<nu p="p" t="8.5" id="0" x="18.18480643" y="42.4505781" />
<nu p="p" t="8.5" id="4" x="65.07651031" y="37.02815557" />
<nu p="p" t="8.593322885" id="4" x="65.00469248" y="37.21317795" />
<nu p="p" t="8.605339498" id="0" x="18.51206751" y="42.21256252" />
<nu p="p" t="8.70938176" id="2" x="18.1959009" y="62.83247671" />
<nu p="p" t="8.75" id="0" x="18.7158269" y="41.76427393" />
<nu p="p" t="8.75" id="1" x="8.357911709" y="48.24009847" />
<nu p="p" t="8.75" id="3" x="31.15051865" y="34.88236061" />
<nu p="p" t="8.868431588" id="4" x="65.01266306" y="38.21314618" />
<nu p="p" t="8.899112251" id="0" x="18.92585674" y="41.30218981" />
<nu p="p" t="8.90378087" id="1" x="8.686215324" y="48.34940637" />
<nu p="p" t="8.932861617" id="3" x="30.78962917" y="34.68278587" />
<nc c="1" i="0" t="9" v="8" />
<nc c="2" i="0" t="9" v="0" />
<nc c="3" i="0" t="9" v="8" />
<nc c="4" i="0" t="9" v="0" />
<nc c="1" i="1" t="9" v="0" />
<nc c="2" i="1" t="9" v="0" />
<nc c="3" i="1" t="9" v="3" />
<nc c="4" i="1" t="9" v="0" />
<nc c="1" i="2" t="9" v="0" />
<nc c="2" i="2" t="9" v="0" />
<nc c="3" i="2" t="9" v="3" />
<nc c="4" i="2" t="9" v="0" />
<nc c="1" i="3" t="9" v="4" />
<nc c="2" i="3" t="9" v="0" />
<nc c="3" i="3" t="9" v="6" />
<nc c="4" i="3" t="9" v="0" />
<nc c="1" i="4" t="9" v="4" />
<nc c="2" i="4" t="9" v="0" />
<nc c="3" i="4" t="9" v="6" />
<nc c="4" i="4" t="9" v="0" />
<nc c="5" i="0" t="9" v="0" />
<nc c="6" i="0" t="9" v="0" />
<nc c="5" i="1" t="9" v="0" />
<nc c="6" i="1" t="9" v="7" />
<nc c="5" i="2" t="9" v="0" />
<nc c="6" i="2" t="9" v="7" />
<nc c="5" i="3" t="9" v="0" />
<nc c="6" i="3" t="9" v="0" />
<nc c="5" i="4" t="9" v="0" />
<nc c="6" i="4" t="9" v="0" />
<nu p="p" t="9" id="2" x="17.78479392" y="62.25519598" />
<nu p="p" t="9.119451489" id="2" x="17.61581849" y="62.01791891" />
<nu p="p" t="9.175420123" id="1" x="8.42653877" y="47.38371072" />
<nu p="p" t="9.214512892" id="4" x="65.70807935" y="38.93175329" />
<nu p="p" t="9.223732124" id="0" x="18.53909131" y="40.38001168" />
<nu p="p" t="9.25" id="3" x="30.66548652" y="33.95792424" />
<nu p="p" t="9.364098696" id="3" x="30.620823" y="33.6971366" />
<nu p="p" t="9.439204448" id="1" x="8.850010815" y="46.47780155" />
<nu p="p" t="9.493046237" id="2" x="17.78167936" y="63.00406808" />
<nu p="p" t="9.497538016" id="4" x="66.59719638" y="39.38943322" />
<nu p="p" t="9.5" id="0" x="19.31947084" y="40.51312233" />
<nu p="p" t="9.5" id="1" x="9.036591874" y="46.40305025" />
<nu p="p" t="9.5" id="2" x="17.79158758" y="62.98728499" />
<nu p="p" t="9.572709159" id="0" x="19.5248539" y="40.54815486" />
<nu p="p" t="9.741672695" id="1" x="9.778283427" y="46.10590109" />
<nu p="p" t="9.75" id="2" x="18.14780575" y="62.38390363" />
<nu p="p" t="9.75" id="3" x="31.07482224" y="34.46009432" />
<nu p="p" t="9.75" id="4" x="67.28183085" y="38.69604695" />
<nu p="p" t="9.756625524" id="4" x="67.29979815" y="38.67784996" />
<nu p="p" t="9.798761602" id="3" x="31.13218855" y="34.55649991" />
<nu p="p" t="9.849839587" id="2" x="18.29006445" y="62.14293824" />
<nu p="p" t="9.971122387" id="0" x="18.89774855" y="41.32708932" />
</anim>
