<anim ver="netanim-3.108" filetype="animation" >
<node id="0" sysId="0" locX="0" locY="0" />
<node id="1" sysId="0" locX="5" locY="0" />
<node id="2" sysId="0" locX="10" locY="0" />
<node id="3" sysId="0" locX="0" locY="10" />
<node id="4" sysId="0" locX="5" locY="10" />
<nu p="c" t="0" id="0" r="255" g="0" b="0" />
<nu p="c" t="0" id="1" r="255" g="0" b="0" />
<nu p="c" t="0" id="2" r="255" g="0" b="0" />
<nu p="c" t="0" id="3" r="255" g="0" b="0" />
<nu p="c" t="0" id="4" r="255" g="0" b="0" />
<nonp2plinkproperties id="0" ipAddress="127.0.0.1~00:00:00:00:00:00" channelType="Unknown channel" />
<nonp2plinkproperties id="0" ipAddress="192.168.1.1~00:00:00:00:00:01" channelType="ns3::YansWifiChannel" />
<nonp2plinkproperties id="1" ipAddress="127.0.0.1~00:00:00:00:00:00" channelType="Unknown channel" />
<nonp2plinkproperties id="1" ipAddress="192.168.1.2~00:00:00:00:00:02" channelType="ns3::YansWifiChannel" />
<nonp2plinkproperties id="2" ipAddress="127.0.0.1~00:00:00:00:00:00" channelType="Unknown channel" />
<nonp2plinkproperties id="2" ipAddress="192.168.1.3~00:00:00:00:00:03" channelType="ns3::YansWifiChannel" />
<nonp2plinkproperties id="3" ipAddress="127.0.0.1~00:00:00:00:00:00" channelType="Unknown channel" />
<nonp2plinkproperties id="3" ipAddress="192.168.1.4~00:00:00:00:00:04" channelType="ns3::YansWifiChannel" />
<nonp2plinkproperties id="4" ipAddress="127.0.0.1~00:00:00:00:00:00" channelType="Unknown channel" />
<nonp2plinkproperties id="4" ipAddress="192.168.1.5~00:00:00:00:00:05" channelType="ns3::YansWifiChannel" />
<ip n="0" >
<address >127.0.0.1</address>

<address >192.168.1.1</address>

<address >192.168.1.6</address>

</ip>
<ip n="0" >
<address >127.0.0.1</address>

<address >192.168.1.1</address>

<address >192.168.1.6</address>

</ip>
<ip n="0" >
<address >127.0.0.1</address>

<address >192.168.1.1</address>

<address >192.168.1.6</address>

</ip>
<ip n="1" >
<address >127.0.0.1</address>

<address >192.168.1.2</address>

<address >192.168.1.7</address>

</ip>
<ip n="1" >
<address >127.0.0.1</address>

<address >192.168.1.2</address>

<address >192.168.1.7</address>

</ip>
<ip n="1" >
<address >127.0.0.1</address>

<address >192.168.1.2</address>

<address >192.168.1.7</address>

</ip>
<ip n="2" >
<address >127.0.0.1</address>

<address >192.168.1.3</address>

<address >192.168.1.8</address>

</ip>
<ip n="2" >
<address >127.0.0.1</address>

<address >192.168.1.3</address>

<address >192.168.1.8</address>

</ip>
<ip n="2" >
<address >127.0.0.1</address>

<address >192.168.1.3</address>

<address >192.168.1.8</address>

</ip>
<ip n="3" >
<address >127.0.0.1</address>

<address >192.168.1.4</address>

<address >192.168.1.9</address>

</ip>
<ip n="3" >
<address >127.0.0.1</address>

<address >192.168.1.4</address>

<address >192.168.1.9</address>

</ip>
<ip n="3" >
<address >127.0.0.1</address>

<address >192.168.1.4</address>

<address >192.168.1.9</address>

</ip>
<ip n="4" >
<address >127.0.0.1</address>

<address >192.168.1.5</address>

<address >192.168.1.10</address>

</ip>
<ip n="4" >
<address >127.0.0.1</address>

<address >192.168.1.5</address>

<address >192.168.1.10</address>

</ip>
<ip n="4" >
<address >127.0.0.1</address>

<address >192.168.1.5</address>

<address >192.168.1.10</address>

</ip>
<ipv6 n="0" >
<address >::1</address>

</ipv6>
<ipv6 n="1" >
<address >::1</address>

</ipv6>
<ipv6 n="2" >
<address >::1</address>

</ipv6>
<ipv6 n="3" >
<address >::1</address>

</ipv6>
<ipv6 n="4" >
<address >::1</address>

</ipv6>
<nu p="s" t="0" id="0" w="1" h="1" />
<nu p="s" t="0" id="1" w="1" h="1" />
<nu p="s" t="0" id="2" w="1" h="1" />
<nu p="s" t="0" id="3" w="1" h="1" />
<nu p="s" t="0" id="4" w="1" h="1" />
<ncs ncId="0" n="RemainingEnergy" t="DOUBLE" />
<nu p="d" t="0" id="0" descr="SRV-0" />
<nu p="c" t="0" id="0" r="255" g="0" b="0" />
<nu p="d" t="0" id="3" descr="CLI-3" />
<nu p="c" t="0" id="3" r="0" g="255" b="0" />
<nu p="d" t="0" id="4" descr="CLI-4" />
<nu p="c" t="0" id="4" r="0" g="255" b="0" />
<nu p="d" t="0" id="1" descr="HOC-1" />
<nu p="c" t="0" id="1" r="0" g="0" b="255" />
<nu p="d" t="0" id="2" descr="HOC-2" />
<nu p="c" t="0" id="2" r="0" g="0" b="255" />
<ncs ncId="1" n="WifiMac Tx" t="DOUBLE" />
<ncs ncId="2" n="WifiMac TxDrop" t="DOUBLE" />
<ncs ncId="3" n="WifiMac Rx" t="DOUBLE" />
<ncs ncId="4" n="WifiMac RxDrop" t="DOUBLE" />
<nc c="1" i="0" t="0" v="0" />
<nc c="2" i="0" t="0" v="0" />
<nc c="3" i="0" t="0" v="0" />
<nc c="4" i="0" t="0" v="0" />
<nc c="1" i="1" t="0" v="0" />
<nc c="2" i="1" t="0" v="0" />
<nc c="3" i="1" t="0" v="0" />
<nc c="4" i="1" t="0" v="0" />
<nc c="1" i="2" t="0" v="0" />
<nc c="2" i="2" t="0" v="0" />
<nc c="3" i="2" t="0" v="0" />
<nc c="4" i="2" t="0" v="0" />
<nc c="1" i="3" t="0" v="0" />
<nc c="2" i="3" t="0" v="0" />
<nc c="3" i="3" t="0" v="0" />
<nc c="4" i="3" t="0" v="0" />
<nc c="1" i="4" t="0" v="0" />
<nc c="2" i="4" t="0" v="0" />
<nc c="3" i="4" t="0" v="0" />
<nc c="4" i="4" t="0" v="0" />
<ncs ncId="5" n="WifiPhy TxDrop" t="DOUBLE" />
<ncs ncId="6" n="WifiPhy RxDrop" t="DOUBLE" />
<nc c="5" i="0" t="0" v="0" />
<nc c="6" i="0" t="0" v="0" />
<nc c="5" i="1" t="0" v="0" />
<nc c="6" i="1" t="0" v="0" />
<nc c="5" i="2" t="0" v="0" />
<nc c="6" i="2" t="0" v="0" />
<nc c="5" i="3" t="0" v="0" />
<nc c="6" i="3" t="0" v="0" />
<nc c="5" i="4" t="0" v="0" />
<nc c="6" i="4" t="0" v="0" />
<nu p="p" t="0" id="0" x="0" y="0" />
<nu p="p" t="0" id="1" x="5" y="0" />
<nu p="p" t="0" id="2" x="10" y="0" />
<nu p="p" t="0" id="3" x="0" y="10" />
<nu p="p" t="0" id="4" x="5" y="10" />
<nc c="1" i="0" t="0" v="0" />
<nc c="2" i="0" t="0" v="0" />
<nc c="3" i="0" t="0" v="0" />
<nc c="4" i="0" t="0" v="0" />
<nc c="1" i="1" t="0" v="0" />
<nc c="2" i="1" t="0" v="0" />
<nc c="3" i="1" t="0" v="0" />
<nc c="4" i="1" t="0" v="0" />
<nc c="1" i="2" t="0" v="0" />
<nc c="2" i="2" t="0" v="0" />
<nc c="3" i="2" t="0" v="0" />
<nc c="4" i="2" t="0" v="0" />
<nc c="1" i="3" t="0" v="0" />
<nc c="2" i="3" t="0" v="0" />
<nc c="3" i="3" t="0" v="0" />
<nc c="4" i="3" t="0" v="0" />
<nc c="1" i="4" t="0" v="0" />
<nc c="2" i="4" t="0" v="0" />
<nc c="3" i="4" t="0" v="0" />
<nc c="4" i="4" t="0" v="0" />
<nc c="5" i="0" t="0" v="0" />
<nc c="6" i="0" t="0" v="0" />
<nc c="5" i="1" t="0" v="0" />
<nc c="6" i="1" t="0" v="0" />
<nc c="5" i="2" t="0" v="0" />
<nc c="6" i="2" t="0" v="0" />
<nc c="5" i="3" t="0" v="0" />
<nc c="6" i="3" t="0" v="0" />
<nc c="5" i="4" t="0" v="0" />
<nc c="6" i="4" t="0" v="0" />
<nu p="p" t="0.25" id="1" x="5.089358663" y="0.7278325433" />
<nu p="p" t="0.25" id="2" x="9.651151672" y="0.6008977583" />
<nu p="p" t="0.25" id="3" x="0.6443327175" y="10.30495673" />
<nu p="p" t="0.25" id="4" x="5.652607354" y="9.961288709" />
<nu p="p" t="0.334141457" id="0" x="-0.5008330474" y="-0.8655439077" />
<nu p="p" t="0.340925763" id="1" x="5.121858681" y="0.9925474607" />
<nu p="p" t="0.35070211" id="3" x="0.9038753743" y="10.42779587" />
<nu p="p" t="0.359805999" id="2" x="9.497929115" y="0.8648264729" />
<nu p="p" t="0.382406556" id="4" x="5.998245323" y="9.940786193" />
<nu p="p" t="0.5" id="1" x="5.563664746" y="1.247402541" />
<nu p="p" t="0.5" id="3" x="1.10446712" y="10.9849074" />
<nu p="p" t="0.5" id="4" x="6.127001302" y="9.742499614" />
<nu p="p" t="0.602841868" id="3" x="1.242642079" y="11.36866628" />
<nu p="p" t="0.652809826" id="1" x="5.988072301" y="1.49222132" />
<nu p="p" t="0.739365723" id="0" x="0.2187755639" y="-0.1711640064" />
<nu p="p" t="0.75" id="1" x="6.090628987" y="1.802295118" />
<nu p="p" t="0.850459464" id="2" x="9.621061687" y="-0.1275637573" />
<nu p="p" t="0.879793095" id="4" x="6.542846186" y="9.102090838" />
<nu p="p" t="0.950396974" id="1" x="6.302091201" y="2.44163805" />
<nc c="1" i="0" t="1" v="0" />
<nc c="2" i="0" t="1" v="0" />
<nc c="3" i="0" t="1" v="0" />
<nc c="4" i="0" t="1" v="0" />
<nc c="1" i="1" t="1" v="0" />
<nc c="2" i="1" t="1" v="0" />
<nc c="3" i="1" t="1" v="0" />
<nc c="4" i="1" t="1" v="0" />
<nc c="1" i="2" t="1" v="0" />
<nc c="2" i="2" t="1" v="0" />
<nc c="3" i="2" t="1" v="0" />
<nc c="4" i="2" t="1" v="0" />
<nc c="1" i="3" t="1" v="0" />
<nc c="2" i="3" t="1" v="0" />
<nc c="3" i="3" t="1" v="0" />
<nc c="4" i="3" t="1" v="0" />
<nc c="1" i="4" t="1" v="0" />
<nc c="2" i="4" t="1" v="0" />
<nc c="3" i="4" t="1" v="0" />
<nc c="4" i="4" t="1" v="0" />
<nc c="5" i="0" t="1" v="0" />
<nc c="6" i="0" t="1" v="0" />
<nc c="5" i="1" t="1" v="0" />
<nc c="6" i="1" t="1" v="0" />
<nc c="5" i="2" t="1" v="0" />
<nc c="6" i="2" t="1" v="0" />
<nc c="5" i="3" t="1" v="0" />
<nc c="6" i="3" t="1" v="0" />
<nc c="5" i="4" t="1" v="0" />
<nc c="6" i="4" t="1" v="0" />
<nu p="p" t="1" id="0" x="0.1488029905" y="0.5674706255" />
<nu p="p" t="1" id="2" x="9.634795945" y="0.1872426541" />
<nu p="p" t="1" id="3" x="0.7161891718" y="12.12603851" />
<pr uId="1" fId="4" fbTx="1.00905" meta-info="ns3::WifiMacHeader (DATA ToDS=0, FromDS=0, MoreFrag=0, Retry=0, MoreData=0 Duration/ID=0us, DA=ff:ff:ff:ff:ff:ff, SA=00:00:00:00:00:05, BSSID=00:00:00:00:00:05, FragNumber=0, SeqNumber=0) ns3::LlcSnapHeader (type 0x806) ns3::ArpHeader (request source mac: 00-06-00:00:00:00:00:05 source ipv4: 192.168.1.5 dest ipv4: 192.168.1.1) ns3::WifiMacTrailer ()" />
<wpr uId="1" tId="3" fbRx="1.009054021" lbRx="0" />
<wpr uId="1" tId="1" fbRx="1.009054022" lbRx="0" />
<wpr uId="1" tId="2" fbRx="1.009054032" lbRx="0" />
<wpr uId="1" tId="0" fbRx="1.009054035" lbRx="0" />
<pr uId="2" fId="0" fbTx="1.009804035" meta-info="ns3::WifiMacHeader (DATA ToDS=0, FromDS=0, MoreFrag=0, Retry=0, MoreData=0 Duration/ID=314us, DA=00:00:00:00:00:05, SA=00:00:00:00:00:01, BSSID=00:00:00:00:00:01, FragNumber=0, SeqNumber=0) ns3::LlcSnapHeader (type 0x806) ns3::ArpHeader (reply source mac: 00-06-00:00:00:00:00:01 source ipv4: 192.168.1.1 dest mac: 00-06-00:00:00:00:00:05 dest ipv4: 192.168.1.5) ns3::WifiMacTrailer ()" />
<wpr uId="2" tId="1" fbRx="1.009808056" lbRx="0" />
<wpr uId="2" tId="2" fbRx="1.009808067" lbRx="0" />
<wpr uId="2" tId="4" fbRx="1.00980807" lbRx="0" />
<wpr uId="2" tId="3" fbRx="1.009808074" lbRx="0" />
<pr uId="3" fId="4" fbTx="1.01051807" meta-info="ns3::WifiMacHeader (CTL_ACK Duration/ID=0us, RA=00:00:00:00:00:01) ns3::WifiMacTrailer ()" />
<wpr uId="3" tId="3" fbRx="1.010522091" lbRx="0" />
<wpr uId="3" tId="1" fbRx="1.010522092" lbRx="0" />
<wpr uId="3" tId="2" fbRx="1.010522102" lbRx="0" />
<wpr uId="3" tId="0" fbRx="1.010522105" lbRx="0" />
<pr uId="4" fId="4" fbTx="1.01087207" meta-info="ns3::WifiMacHeader (DATA ToDS=0, FromDS=0, MoreFrag=0, Retry=0, MoreData=0 Duration/ID=314us, DA=00:00:00:00:00:01, SA=00:00:00:00:00:05, BSSID=00:00:00:00:00:05, FragNumber=0, SeqNumber=1) ns3::LlcSnapHeader (type 0x800) ns3::Ipv4Header (tos 0x0 DSCP Default ECN Not-ECT ttl 64 id 0 protocol 17 offset (bytes) 0 flags [none] length: 540 192.168.1.5 &gt; 192.168.1.1) ns3::UdpHeader (length: 520 49153 &gt; 20) Payload (size=512) ns3::WifiMacTrailer ()" />
<wpr uId="4" tId="3" fbRx="1.010876091" lbRx="0" />
<wpr uId="4" tId="1" fbRx="1.010876092" lbRx="0" />
<wpr uId="4" tId="2" fbRx="1.010876102" lbRx="0" />
<wpr uId="4" tId="0" fbRx="1.010876105" lbRx="0" />
<pr uId="5" fId="0" fbTx="1.015682105" meta-info="ns3::WifiMacHeader (CTL_ACK Duration/ID=0us, RA=00:00:00:00:00:05) ns3::WifiMacTrailer ()" />
<wpr uId="5" tId="1" fbRx="1.015686126" lbRx="0" />
<wpr uId="5" tId="2" fbRx="1.015686137" lbRx="0" />
<wpr uId="5" tId="4" fbRx="1.01568614" lbRx="0" />
<wpr uId="5" tId="3" fbRx="1.015686144" lbRx="0" />
<pr uId="6" fId="0" fbTx="1.022722105" meta-info="ns3::WifiMacHeader (DATA ToDS=0, FromDS=0, MoreFrag=0, Retry=0, MoreData=0 Duration/ID=0us, DA=ff:ff:ff:ff:ff:ff, SA=00:00:00:00:00:01, BSSID=00:00:00:00:00:01, FragNumber=0, SeqNumber=1) ns3::LlcSnapHeader (type 0x806) ns3::ArpHeader (request source mac: 00-06-00:00:00:00:00:01 source ipv4: 192.168.1.1 dest ipv4: 192.168.1.5) ns3::WifiMacTrailer ()" />
<wpr uId="6" tId="1" fbRx="1.022726126" lbRx="0" />
<wpr uId="6" tId="2" fbRx="1.022726137" lbRx="0" />
<wpr uId="6" tId="4" fbRx="1.02272614" lbRx="0" />
<wpr uId="6" tId="3" fbRx="1.022726144" lbRx="0" />
<pr uId="7" fId="4" fbTx="1.02347614" meta-info="ns3::WifiMacHeader (DATA ToDS=0, FromDS=0, MoreFrag=0, Retry=0, MoreData=0 Duration/ID=314us, DA=00:00:00:00:00:01, SA=00:00:00:00:00:05, BSSID=00:00:00:00:00:05, FragNumber=0, SeqNumber=2) ns3::LlcSnapHeader (type 0x806) ns3::ArpHeader (reply source mac: 00-06-00:00:00:00:00:05 source ipv4: 192.168.1.5 dest mac: 00-06-00:00:00:00:00:01 dest ipv4: 192.168.1.1) ns3::WifiMacTrailer ()" />
<wpr uId="7" tId="3" fbRx="1.023480161" lbRx="0" />
<wpr uId="7" tId="1" fbRx="1.023480162" lbRx="0" />
<wpr uId="7" tId="2" fbRx="1.023480172" lbRx="0" />
<wpr uId="7" tId="0" fbRx="1.023480175" lbRx="0" />
<pr uId="8" fId="0" fbTx="1.024190175" meta-info="ns3::WifiMacHeader (CTL_ACK Duration/ID=0us, RA=00:00:00:00:00:05) ns3::WifiMacTrailer ()" />
<wpr uId="8" tId="1" fbRx="1.024194196" lbRx="0" />
<wpr uId="8" tId="2" fbRx="1.024194207" lbRx="0" />
<wpr uId="8" tId="4" fbRx="1.02419421" lbRx="0" />
<wpr uId="8" tId="3" fbRx="1.024194214" lbRx="0" />
<pr uId="9" fId="0" fbTx="1.024824175" meta-info="ns3::WifiMacHeader (DATA ToDS=0, FromDS=0, MoreFrag=0, Retry=0, MoreData=0 Duration/ID=314us, DA=00:00:00:00:00:05, SA=00:00:00:00:00:01, BSSID=00:00:00:00:00:01, FragNumber=0, SeqNumber=2) ns3::LlcSnapHeader (type 0x800) ns3::Ipv4Header (tos 0x0 DSCP Default ECN Not-ECT ttl 64 id 0 protocol 17 offset (bytes) 0 flags [none] length: 540 192.168.1.1 &gt; 192.168.1.5) ns3::UdpHeader (length: 520 20 &gt; 49153) Payload (size=512) ns3::WifiMacTrailer ()" />
<wpr uId="9" tId="1" fbRx="1.024828196" lbRx="0" />
<wpr uId="9" tId="2" fbRx="1.024828207" lbRx="0" />
<wpr uId="9" tId="4" fbRx="1.02482821" lbRx="0" />
<wpr uId="9" tId="3" fbRx="1.024828214" lbRx="0" />
<pr uId="10" fId="4" fbTx="1.02963421" meta-info="ns3::WifiMacHeader (CTL_ACK Duration/ID=0us, RA=00:00:00:00:00:01) ns3::WifiMacTrailer ()" />
<wpr uId="10" tId="3" fbRx="1.029638231" lbRx="0" />
<wpr uId="10" tId="1" fbRx="1.029638232" lbRx="0" />
<wpr uId="10" tId="2" fbRx="1.029638242" lbRx="0" />
<wpr uId="10" tId="0" fbRx="1.029638245" lbRx="0" />
<nu p="p" t="1.033426532" id="3" x="0.6718806369" y="12.18978221" />
<nu p="p" t="1.090652523" id="0" x="0.1244654766" y="0.8243788639" />
<nu p="p" t="1.173795634" id="4" x="5.55375844" y="9.249418475" />
<nu p="p" t="1.25" id="1" x="5.56015534" y="2.913789558" />
<nu p="p" t="1.25" id="3" x="0.7147296924" y="11.50749025" />
<nu p="p" t="1.291075902" id="1" x="5.458435123" y="2.978522046" />
<nu p="p" t="1.32503183" id="2" x="9.664647856" y="0.8714859149" />
<nu p="p" t="1.350222936" id="3" x="0.7345587978" y="11.19174842" />
<nu p="p" t="1.436334513" id="0" x="1.124363068" y="0.8386899792" />
<nu p="p" t="1.46330106" id="4" x="4.753342383" y="9.848863331" />
<nu p="p" t="1.5" id="0" x="1.1732791" y="1.061772586" />
<nu p="p" t="1.5" id="2" x="9.418314591" y="1.20481565" />
<nu p="p" t="1.5" id="3" x="0.4466687026" y="10.96545538" />
<nu p="p" t="1.65389755" id="1" x="5.247477924" y="2.001026746" />
<nu p="p" t="1.715101273" id="0" x="1.338547616" y="1.815483192" />
<nu p="p" t="1.74717682" id="2" x="9.070320592" y="1.675709207" />
<nu p="p" t="1.75" id="3" x="-0.03386230734" y="10.58773895" />
<nu p="p" t="1.75" id="4" x="5.198489808" y="9.271512321" />
<nu p="p" t="1.759246512" id="3" x="-0.05163525034" y="10.57376871" />
<nu p="p" t="1.856559786" id="4" x="5.363941463" y="9.056923456" />
<nu p="p" t="1.953667268" id="1" x="5.695706666" y="2.894945644" />
<nc c="1" i="0" t="2" v="3" />
<nc c="2" i="0" t="2" v="0" />
<nc c="3" i="0" t="2" v="3" />
<nc c="4" i="0" t="2" v="0" />
<nc c="1" i="1" t="2" v="0" />
<nc c="2" i="1" t="2" v="0" />
<nc c="3" i="1" t="2" v="2" />
<nc c="4" i="1" t="2" v="0" />
<nc c="1" i="2" t="2" v="0" />
<nc c="2" i="2" t="2" v="0" />
<nc c="3" i="2" t="2" v="2" />
<nc c="4" i="2" t="2" v="0" />
<nc c="1" i="3" t="2" v="0" />
<nc c="2" i="3" t="2" v="0" />
<nc c="3" i="3" t="2" v="2" />
<nc c="4" i="3" t="2" v="0" />
<nc c="1" i="4" t="2" v="3" />
<nc c="2" i="4" t="2" v="0" />
<nc c="3" i="4" t="2" v="3" />
<nc c="4" i="4" t="2" v="0" />
<nc c="5" i="0" t="2" v="0" />
<nc c="6" i="0" t="2" v="0" />
<nc c="5" i="1" t="2" v="0" />
<nc c="6" i="1" t="2" v="0" />
<nc c="5" i="2" t="2" v="0" />
<nc c="6" i="2" t="2" v="0" />
<nc c="5" i="3" t="2" v="0" />
<nc c="6" i="3" t="2" v="0" />
<nc c="5" i="4" t="2" v="0" />
<nc c="6" i="4" t="2" v="0" />
<nu p="p" t="2" id="0" x="0.9023636374" y="1.09566518" />
<nu p="p" t="2" id="1" x="5.803647247" y="3.034596161" />
<nu p="p" t="2" id="2" x="8.641175853" y="2.193658734" />
<nu p="p" t="2" id="3" x="-0.2213945035" y="11.21850428" />
<nu p="p" t="2" id="4" x="5.034766836" y="8.612667865" />
<pr uId="11" fId="4" fbTx="2.00005" meta-info="ns3::WifiMacHeader (DATA ToDS=0, FromDS=0, MoreFrag=0, Retry=0, MoreData=0 Duration/ID=314us, DA=00:00:00:00:00:01, SA=00:00:00:00:00:05, BSSID=00:00:00:00:00:05, FragNumber=0, SeqNumber=3) ns3::LlcSnapHeader (type 0x800) ns3::Ipv4Header (tos 0x0 DSCP Default ECN Not-ECT ttl 64 id 1 protocol 17 offset (bytes) 0 flags [none] length: 540 192.168.1.5 &gt; 192.168.1.1) ns3::UdpHeader (length: 520 49153 &gt; 20) Payload (size=512) ns3::WifiMacTrailer ()" />
<wpr uId="11" tId="1" fbRx="2.000054019" lbRx="0" />
<wpr uId="11" tId="3" fbRx="2.00005402" lbRx="0" />
<wpr uId="11" tId="2" fbRx="2.000054025" lbRx="0" />
<wpr uId="11" tId="0" fbRx="2.000054029" lbRx="0" />
<pr uId="12" fId="0" fbTx="2.004860029" meta-info="ns3::WifiMacHeader (CTL_ACK Duration/ID=0us, RA=00:00:00:00:00:05) ns3::WifiMacTrailer ()" />
<wpr uId="12" tId="1" fbRx="2.004864047" lbRx="0" />
<wpr uId="12" tId="2" fbRx="2.004864055" lbRx="0" />
<wpr uId="12" tId="4" fbRx="2.004864058" lbRx="0" />
<wpr uId="12" tId="3" fbRx="2.004864063" lbRx="0" />
<pr uId="13" fId="0" fbTx="2.005214029" meta-info="ns3::WifiMacHeader (DATA ToDS=0, FromDS=0, MoreFrag=0, Retry=0, MoreData=0 Duration/ID=314us, DA=00:00:00:00:00:05, SA=00:00:00:00:00:01, BSSID=00:00:00:00:00:01, FragNumber=0, SeqNumber=3) ns3::LlcSnapHeader (type 0x800) ns3::Ipv4Header (tos 0x0 DSCP Default ECN Not-ECT ttl 64 id 1 protocol 17 offset (bytes) 0 flags [none] length: 540 192.168.1.1 &gt; 192.168.1.5) ns3::UdpHeader (length: 520 20 &gt; 49153) Payload (size=512) ns3::WifiMacTrailer ()" />
<wpr uId="13" tId="1" fbRx="2.005218047" lbRx="0" />
<wpr uId="13" tId="2" fbRx="2.005218055" lbRx="0" />
<wpr uId="13" tId="4" fbRx="2.005218058" lbRx="0" />
<wpr uId="13" tId="3" fbRx="2.005218063" lbRx="0" />
<pr uId="14" fId="4" fbTx="2.010024058" meta-info="ns3::WifiMacHeader (CTL_ACK Duration/ID=0us, RA=00:00:00:00:00:01) ns3::WifiMacTrailer ()" />
<wpr uId="14" tId="1" fbRx="2.010028077" lbRx="0" />
<wpr uId="14" tId="3" fbRx="2.010028078" lbRx="0" />
<wpr uId="14" tId="2" fbRx="2.010028082" lbRx="0" />
<wpr uId="14" tId="0" fbRx="2.010028087" lbRx="0" />
<pr uId="15" fId="3" fbTx="2.010598078" meta-info="ns3::WifiMacHeader (DATA ToDS=0, FromDS=0, MoreFrag=0, Retry=0, MoreData=0 Duration/ID=0us, DA=ff:ff:ff:ff:ff:ff, SA=00:00:00:00:00:04, BSSID=00:00:00:00:00:04, FragNumber=0, SeqNumber=0) ns3::LlcSnapHeader (type 0x806) ns3::ArpHeader (request source mac: 00-06-00:00:00:00:00:04 source ipv4: 192.168.1.4 dest ipv4: 192.168.1.1) ns3::WifiMacTrailer ()" />
<wpr uId="15" tId="4" fbRx="2.010602098" lbRx="0" />
<wpr uId="15" tId="0" fbRx="2.010602112" lbRx="0" />
<wpr uId="15" tId="1" fbRx="2.010602112" lbRx="0" />
<wpr uId="15" tId="2" fbRx="2.01060212" lbRx="0" />
<pr uId="16" fId="0" fbTx="2.011352112" meta-info="ns3::WifiMacHeader (DATA ToDS=0, FromDS=0, MoreFrag=0, Retry=0, MoreData=0 Duration/ID=314us, DA=00:00:00:00:00:04, SA=00:00:00:00:00:01, BSSID=00:00:00:00:00:01, FragNumber=0, SeqNumber=4) ns3::LlcSnapHeader (type 0x806) ns3::ArpHeader (reply source mac: 00-06-00:00:00:00:00:01 source ipv4: 192.168.1.1 dest mac: 00-06-00:00:00:00:00:04 dest ipv4: 192.168.1.4) ns3::WifiMacTrailer ()" />
<wpr uId="16" tId="1" fbRx="2.01135613" lbRx="0" />
<wpr uId="16" tId="2" fbRx="2.011356138" lbRx="0" />
<wpr uId="16" tId="4" fbRx="2.011356141" lbRx="0" />
<wpr uId="16" tId="3" fbRx="2.011356146" lbRx="0" />
<pr uId="17" fId="3" fbTx="2.012066146" meta-info="ns3::WifiMacHeader (CTL_ACK Duration/ID=0us, RA=00:00:00:00:00:01) ns3::WifiMacTrailer ()" />
<wpr uId="17" tId="4" fbRx="2.012070166" lbRx="0" />
<wpr uId="17" tId="0" fbRx="2.01207018" lbRx="0" />
<wpr uId="17" tId="1" fbRx="2.01207018" lbRx="0" />
<wpr uId="17" tId="2" fbRx="2.012070188" lbRx="0" />
<pr uId="18" fId="3" fbTx="2.012480146" meta-info="ns3::WifiMacHeader (DATA ToDS=0, FromDS=0, MoreFrag=0, Retry=0, MoreData=0 Duration/ID=314us, DA=00:00:00:00:00:01, SA=00:00:00:00:00:04, BSSID=00:00:00:00:00:04, FragNumber=0, SeqNumber=1) ns3::LlcSnapHeader (type 0x800) ns3::Ipv4Header (tos 0x0 DSCP Default ECN Not-ECT ttl 64 id 0 protocol 17 offset (bytes) 0 flags [none] length: 540 192.168.1.4 &gt; 192.168.1.1) ns3::UdpHeader (length: 520 49153 &gt; 20) Payload (size=512) ns3::WifiMacTrailer ()" />
<wpr uId="18" tId="4" fbRx="2.012484166" lbRx="0" />
<wpr uId="18" tId="0" fbRx="2.01248418" lbRx="0" />
<wpr uId="18" tId="1" fbRx="2.01248418" lbRx="0" />
<wpr uId="18" tId="2" fbRx="2.012484188" lbRx="0" />
<pr uId="19" fId="0" fbTx="2.01729018" meta-info="ns3::WifiMacHeader (CTL_ACK Duration/ID=0us, RA=00:00:00:00:00:04) ns3::WifiMacTrailer ()" />
<wpr uId="19" tId="1" fbRx="2.017294198" lbRx="0" />
<wpr uId="19" tId="2" fbRx="2.017294206" lbRx="0" />
<wpr uId="19" tId="4" fbRx="2.017294209" lbRx="0" />
<wpr uId="19" tId="3" fbRx="2.017294214" lbRx="0" />
<pr uId="20" fId="0" fbTx="2.02433018" meta-info="ns3::WifiMacHeader (DATA ToDS=0, FromDS=0, MoreFrag=0, Retry=0, MoreData=0 Duration/ID=0us, DA=ff:ff:ff:ff:ff:ff, SA=00:00:00:00:00:01, BSSID=00:00:00:00:00:01, FragNumber=0, SeqNumber=5) ns3::LlcSnapHeader (type 0x806) ns3::ArpHeader (request source mac: 00-06-00:00:00:00:00:01 source ipv4: 192.168.1.1 dest ipv4: 192.168.1.4) ns3::WifiMacTrailer ()" />
<wpr uId="20" tId="1" fbRx="2.024334198" lbRx="0" />
<wpr uId="20" tId="2" fbRx="2.024334206" lbRx="0" />
<wpr uId="20" tId="4" fbRx="2.024334209" lbRx="0" />
<wpr uId="20" tId="3" fbRx="2.024334214" lbRx="0" />
<pr uId="21" fId="3" fbTx="2.025084214" meta-info="ns3::WifiMacHeader (DATA ToDS=0, FromDS=0, MoreFrag=0, Retry=0, MoreData=0 Duration/ID=314us, DA=00:00:00:00:00:01, SA=00:00:00:00:00:04, BSSID=00:00:00:00:00:04, FragNumber=0, SeqNumber=2) ns3::LlcSnapHeader (type 0x806) ns3::ArpHeader (reply source mac: 00-06-00:00:00:00:00:04 source ipv4: 192.168.1.4 dest mac: 00-06-00:00:00:00:00:01 dest ipv4: 192.168.1.1) ns3::WifiMacTrailer ()" />
<wpr uId="21" tId="4" fbRx="2.025088234" lbRx="0" />
<wpr uId="21" tId="0" fbRx="2.025088248" lbRx="0" />
<wpr uId="21" tId="1" fbRx="2.025088248" lbRx="0" />
<wpr uId="21" tId="2" fbRx="2.025088256" lbRx="0" />
<pr uId="22" fId="0" fbTx="2.025798248" meta-info="ns3::WifiMacHeader (CTL_ACK Duration/ID=0us, RA=00:00:00:00:00:04) ns3::WifiMacTrailer ()" />
<wpr uId="22" tId="1" fbRx="2.025802266" lbRx="0" />
<wpr uId="22" tId="2" fbRx="2.025802274" lbRx="0" />
<wpr uId="22" tId="4" fbRx="2.025802277" lbRx="0" />
<wpr uId="22" tId="3" fbRx="2.025802282" lbRx="0" />
<pr uId="23" fId="0" fbTx="2.026352248" meta-info="ns3::WifiMacHeader (DATA ToDS=0, FromDS=0, MoreFrag=0, Retry=0, MoreData=0 Duration/ID=314us, DA=00:00:00:00:00:04, SA=00:00:00:00:00:01, BSSID=00:00:00:00:00:01, FragNumber=0, SeqNumber=6) ns3::LlcSnapHeader (type 0x800) ns3::Ipv4Header (tos 0x0 DSCP Default ECN Not-ECT ttl 64 id 0 protocol 17 offset (bytes) 0 flags [none] length: 540 192.168.1.1 &gt; 192.168.1.4) ns3::UdpHeader (length: 520 20 &gt; 49153) Payload (size=512) ns3::WifiMacTrailer ()" />
<wpr uId="23" tId="1" fbRx="2.026356266" lbRx="0" />
<wpr uId="23" tId="2" fbRx="2.026356274" lbRx="0" />
<wpr uId="23" tId="4" fbRx="2.026356277" lbRx="0" />
<wpr uId="23" tId="3" fbRx="2.026356282" lbRx="0" />
<pr uId="24" fId="3" fbTx="2.031162282" meta-info="ns3::WifiMacHeader (CTL_ACK Duration/ID=0us, RA=00:00:00:00:00:01) ns3::WifiMacTrailer ()" />
<wpr uId="24" tId="4" fbRx="2.031166302" lbRx="0" />
<wpr uId="24" tId="1" fbRx="2.031166316" lbRx="0" />
<wpr uId="24" tId="0" fbRx="2.031166317" lbRx="0" />
<wpr uId="24" tId="2" fbRx="2.031166324" lbRx="0" />
<nu p="p" t="2.053596804" id="0" x="0.8203061728" y="0.9602488334" />
<nu p="p" t="2.115983537" id="4" x="4.768601328" y="8.25344967" />
<nu p="p" t="2.120353297" id="3" x="-0.3062575972" y="11.54080928" />
<nu p="p" t="2.123046999" id="2" x="8.432314575" y="2.445740584" />
<nu p="p" t="2.216170668" id="1" x="6.307256388" y="3.686151645" />
<nu p="p" t="2.25" id="0" x="1.064926544" y="0.274841273" />
<nu p="p" t="2.25" id="3" x="0.2089750327" y="11.48338097" />
<nu p="p" t="2.323473432" id="0" x="1.156437775" y="0.01843380714" />
<nu p="p" t="2.370432168" id="3" x="0.6875879183" y="11.43003433" />
<nu p="p" t="2.384941306" id="4" x="4.622094811" y="9.242659374" />
<nu p="p" t="2.431000636" id="2" x="8.233491698" y="1.465705143" />
<nu p="p" t="2.5" id="0" x="1.203952607" y="-0.5744693933" />
<nu p="p" t="2.5" id="1" x="5.894482382" y="3.280096894" />
<nu p="p" t="2.620254475" id="0" x="1.236320943" y="-0.9783704259" />
<nu p="p" t="2.705136585" id="3" x="-0.302588124" y="11.56986067" />
<nu p="p" t="2.706360801" id="1" x="5.594371137" y="2.984870946" />
<nu p="p" t="2.739988685" id="4" x="4.646693484" y="10.24235678" />
<nu p="p" t="2.75" id="1" x="5.48814646" y="3.018730376" />
<nu p="p" t="2.75" id="2" x="8.626807547" y="0.8308796794" />
<nu p="p" t="2.858159293" id="2" x="8.76016444" y="0.6156370141" />
<nu p="p" t="2.974684528" id="3" x="0.05140098781" y="10.63461113" />
<nc c="1" i="0" t="3" v="7" />
<nc c="2" i="0" t="3" v="0" />
<nc c="3" i="0" t="3" v="7" />
<nc c="4" i="0" t="3" v="0" />
<nc c="1" i="1" t="3" v="0" />
<nc c="2" i="1" t="3" v="0" />
<nc c="3" i="1" t="3" v="4" />
<nc c="4" i="1" t="3" v="0" />
<nc c="1" i="2" t="3" v="0" />
<nc c="2" i="2" t="3" v="0" />
<nc c="3" i="2" t="3" v="4" />
<nc c="4" i="2" t="3" v="0" />
<nc c="1" i="3" t="3" v="3" />
<nc c="2" i="3" t="3" v="0" />
<nc c="3" i="3" t="3" v="5" />
<nc c="4" i="3" t="3" v="0" />
<nc c="1" i="4" t="3" v="4" />
<nc c="2" i="4" t="3" v="0" />
<nc c="3" i="4" t="3" v="6" />
<nc c="4" i="4" t="3" v="0" />
<nc c="5" i="0" t="3" v="0" />
<nc c="6" i="0" t="3" v="0" />
<nc c="5" i="1" t="3" v="0" />
<nc c="6" i="1" t="3" v="0" />
<nc c="5" i="2" t="3" v="0" />
<nc c="6" i="2" t="3" v="0" />
<nc c="5" i="3" t="3" v="0" />
<nc c="6" i="3" t="3" v="0" />
<nc c="5" i="4" t="3" v="0" />
<nc c="6" i="4" t="3" v="0" />
<nu p="p" t="3" id="0" x="0.5987126167" y="-0.5544665042" />
<nu p="p" t="3" id="1" x="4.879607125" y="3.212704087" />
<nu p="p" t="3" id="2" x="9.296979587" y="0.562822951" />
<nu p="p" t="3" id="4" x="4.078996064" y="9.987701459" />
<nu p="p" t="3.097776923" id="1" x="4.64160271" y="3.288568698" />
<nu p="p" t="3.116224402" id="0" x="0.4035670744" y="-0.424727043" />
<nu p="p" t="3.121116072" id="2" x="9.755359579" y="0.5177256584" />
<nu p="p" t="3.157880636" id="4" x="3.734286336" y="9.833073019" />
<nu p="p" t="3.25" id="4" x="3.822735645" y="10.11891471" />
<nu p="p" t="3.286001364" id="3" x="1.008731323" y="10.92360702" />
<nu p="p" t="3.428888324" id="2" x="8.766205198" y="0.6646052486" />
<nu p="p" t="3.465752261" id="4" x="4.02989229" y="10.78838298" />
<nu p="p" t="3.5" id="0" x="0.1073475985" y="-1.207306906" />
<nu p="p" t="3.5" id="1" x="4.497974384" y="4.235563702" />
<nu p="p" t="3.5" id="3" x="0.6633843078" y="10.53329513" />
<nu p="p" t="3.51771073" id="1" x="4.491650126" y="4.277261888" />
<nu p="p" t="3.574865923" id="0" x="0.04956189099" y="-1.359970504" />
<nu p="p" t="3.696621066" id="3" x="0.3460808916" y="10.17467818" />
<nu p="p" t="3.75" id="1" x="4.707800018" y="3.741560426" />
<nu p="p" t="3.75" id="2" x="8.334224501" y="-0.03164333231" />
<nu p="p" t="3.820788378" id="2" x="8.238995286" y="-0.1851298338" />
<nu p="p" t="3.902412312" id="4" x="4.828893054" y="10.18705297" />
<nu p="p" t="3.919828354" id="1" x="4.865828757" y="3.349905239" />
<nu p="p" t="3.957672865" id="3" x="1.331529354" y="10.00470369" />
<nu p="p" t="3.996761303" id="0" x="0.5965260294" y="-0.5228144658" />
<nc c="1" i="0" t="4" v="7" />
<nc c="2" i="0" t="4" v="0" />
<nc c="3" i="0" t="4" v="7" />
<nc c="4" i="0" t="4" v="0" />
<nc c="1" i="1" t="4" v="0" />
<nc c="2" i="1" t="4" v="0" />
<nc c="3" i="1" t="4" v="4" />
<nc c="4" i="1" t="4" v="0" />
<nc c="1" i="2" t="4" v="0" />
<nc c="2" i="2" t="4" v="0" />
<nc c="3" i="2" t="4" v="4" />
<nc c="4" i="2" t="4" v="0" />
<nc c="1" i="3" t="4" v="4" />
<nc c="2" i="3" t="4" v="0" />
<nc c="3" i="3" t="4" v="5" />
<nc c="4" i="3" t="4" v="0" />
<nc c="1" i="4" t="4" v="4" />
<nc c="2" i="4" t="4" v="0" />
<nc c="3" i="4" t="4" v="6" />
<nc c="4" i="4" t="4" v="0" />
<nc c="5" i="0" t="4" v="0" />
<nc c="6" i="0" t="4" v="0" />
<nc c="5" i="1" t="4" v="0" />
<nc c="6" i="1" t="4" v="0" />
<nc c="5" i="2" t="4" v="0" />
<nc c="6" i="2" t="4" v="0" />
<nc c="5" i="3" t="4" v="0" />
<nc c="6" i="3" t="4" v="0" />
<nc c="5" i="4" t="4" v="0" />
<nc c="6" i="4" t="4" v="0" />
<nu p="p" t="4" id="1" x="5.040889592" y="3.566460276" />
<nu p="p" t="4" id="4" x="4.844129987" y="9.949976759" />
<pr uId="25" fId="3" fbTx="4.00005" meta-info="ns3::WifiMacHeader (DATA ToDS=0, FromDS=0, MoreFrag=0, Retry=0, MoreData=0 Duration/ID=314us, DA=00:00:00:00:00:01, SA=00:00:00:00:00:04, BSSID=00:00:00:00:00:04, FragNumber=0, SeqNumber=3) ns3::LlcSnapHeader (type 0x800) ns3::Ipv4Header (tos 0x0 DSCP Default ECN Not-ECT ttl 64 id 1 protocol 17 offset (bytes) 0 flags [none] length: 540 192.168.1.4 &gt; 192.168.1.1) ns3::UdpHeader (length: 520 49153 &gt; 20) Payload (size=512) ns3::WifiMacTrailer ()" />
<wpr uId="25" tId="4" fbRx="4.000054011" lbRx="0" />
<wpr uId="25" tId="1" fbRx="4.000054025" lbRx="0" />
<wpr uId="25" tId="0" fbRx="4.000054035" lbRx="0" />
<wpr uId="25" tId="2" fbRx="4.000054042" lbRx="0" />
<pr uId="26" fId="0" fbTx="4.004860035" meta-info="ns3::WifiMacHeader (CTL_ACK Duration/ID=0us, RA=00:00:00:00:00:04) ns3::WifiMacTrailer ()" />
<wpr uId="26" tId="1" fbRx="4.004864055" lbRx="0" />
<wpr uId="26" tId="2" fbRx="4.00486406" lbRx="0" />
<wpr uId="26" tId="3" fbRx="4.00486407" lbRx="0" />
<wpr uId="26" tId="4" fbRx="4.004864073" lbRx="0" />
<pr uId="27" fId="0" fbTx="4.005214035" meta-info="ns3::WifiMacHeader (DATA ToDS=0, FromDS=0, MoreFrag=0, Retry=0, MoreData=0 Duration/ID=314us, DA=00:00:00:00:00:04, SA=00:00:00:00:00:01, BSSID=00:00:00:00:00:01, FragNumber=0, SeqNumber=7) ns3::LlcSnapHeader (type 0x800) ns3::Ipv4Header (tos 0x0 DSCP Default ECN Not-ECT ttl 64 id 1 protocol 17 offset (bytes) 0 flags [none] length: 540 192.168.1.1 &gt; 192.168.1.4) ns3::UdpHeader (length: 520 20 &gt; 49153) Payload (size=512) ns3::WifiMacTrailer ()" />
<wpr uId="27" tId="1" fbRx="4.005218055" lbRx="0" />
<wpr uId="27" tId="2" fbRx="4.00521806" lbRx="0" />
<wpr uId="27" tId="3" fbRx="4.00521807" lbRx="0" />
<wpr uId="27" tId="4" fbRx="4.005218073" lbRx="0" />
<pr uId="28" fId="3" fbTx="4.01002407" meta-info="ns3::WifiMacHeader (CTL_ACK Duration/ID=0us, RA=00:00:00:00:00:01) ns3::WifiMacTrailer ()" />
<wpr uId="28" tId="4" fbRx="4.010028081" lbRx="0" />
<wpr uId="28" tId="1" fbRx="4.010028095" lbRx="0" />
<wpr uId="28" tId="0" fbRx="4.010028105" lbRx="0" />
<wpr uId="28" tId="2" fbRx="4.010028112" lbRx="0" />
<nu p="p" t="4.2077347" id="1" x="5.494493974" y="4.127581292" />
<nu p="p" t="4.25" id="0" x="0.9674227625" y="0.1038912909" />
<nu p="p" t="4.25" id="2" x="7.955275079" y="-1.062994332" />
<nu p="p" t="4.286020987" id="2" x="7.931464256" y="-1.136667886" />
<nu p="p" t="4.313194812" id="4" x="4.893030916" y="9.189111925" />
<nu p="p" t="4.344504969" id="0" x="1.105835986" y="0.3377686912" />
<nu p="p" t="4.366102478" id="3" x="2.158411808" y="10.56707849" />
<nu p="p" t="4.477931775" id="1" x="6.355040657" y="3.618209711" />
<nu p="p" t="4.5" id="0" x="0.5049088967" y="0.4696109542" />
<nu p="p" t="4.5" id="2" x="8.694079838" y="-0.8054158316" />
<nu p="p" t="4.5" id="3" x="1.788223617" y="10.45462651" />
<nu p="p" t="4.5" id="4" x="5.211703822" y="9.50123622" />
<nu p="p" t="4.543377177" id="2" x="8.848674957" y="-0.7382654191" />
<nu p="p" t="4.597251971" id="0" x="0.129068309" y="0.5520696659" />
<nu p="p" t="4.71218827" id="3" x="1.201583995" y="10.27642313" />
<nu p="p" t="4.731979479" id="4" x="5.607440019" y="9.888840183" />
<nu p="p" t="4.75" id="1" x="6.445627118" y="2.993670962" />
<nu p="p" t="4.881104985" id="0" x="0.8664762185" y="-0.1233780198" />
<nu p="p" t="4.909051057" id="1" x="6.498583954" y="2.628565672" />
<nu p="p" t="4.91227685" id="2" x="8.849168851" y="0.2617344594" />
<nu p="p" t="4.973090184" id="3" x="2.137322904" y="9.923729647" />
<nc c="1" i="0" t="5" v="8" />
<nc c="2" i="0" t="5" v="0" />
<nc c="3" i="0" t="5" v="8" />
<nc c="4" i="0" t="5" v="0" />
<nc c="1" i="1" t="5" v="0" />
<nc c="2" i="1" t="5" v="0" />
<nc c="3" i="1" t="5" v="4" />
<nc c="4" i="1" t="5" v="0" />
<nc c="1" i="2" t="5" v="0" />
<nc c="2" i="2" t="5" v="0" />
<nc c="3" i="2" t="5" v="4" />
<nc c="4" i="2" t="5" v="0" />
<nc c="1" i="3" t="5" v="4" />
<nc c="2" i="3" t="5" v="0" />
<nc c="3" i="3" t="5" v="6" />
<nc c="4" i="3" t="5" v="0" />
<nc c="1" i="4" t="5" v="4" />
<nc c="2" i="4" t="5" v="0" />
<nc c="3" i="4" t="5" v="6" />
<nc c="4" i="4" t="5" v="0" />
<nc c="5" i="0" t="5" v="0" />
<nc c="6" i="0" t="5" v="0" />
<nc c="5" i="1" t="5" v="0" />
<nc c="6" i="1" t="5" v="0" />
<nc c="5" i="2" t="5" v="0" />
<nc c="6" i="2" t="5" v="0" />
<nc c="5" i="3" t="5" v="0" />
<nc c="6" i="3" t="5" v="0" />
<nc c="5" i="4" t="5" v="0" />
<nc c="6" i="4" t="5" v="0" />
<nu p="p" t="5" id="2" x="9.056424727" y="0.09954170101" />
<nu p="p" t="5" id="4" x="5.214518273" y="10.53522971" />
<nu p="p" t="5.086296075" id="4" x="5.088007048" y="10.74335138" />
<nu p="p" t="5.237498767" id="3" x="1.591732933" y="9.085677388" />
<nu p="p" t="5.24560217" id="2" x="9.636687668" y="-0.3545561446" />
<nu p="p" t="5.25" id="0" x="-0.05359515556" y="-0.2313876136" />
<nu p="p" t="5.25" id="1" x="7.282734342" y="2.079040826" />
<nu p="p" t="5.25" id="4" x="5.273498264" y="11.1290555" />
<nu p="p" t="5.265121243" id="1" x="7.317511774" y="2.054669145" />
<nu p="p" t="5.279312258" id="0" x="-0.126703678" y="-0.239970015" />
<nu p="p" t="5.468791637" id="4" x="5.521408794" y="11.64455221" />
<nu p="p" t="5.5" id="0" x="0.3048989393" y="0.5022760361" />
<nu p="p" t="5.5" id="2" x="8.815429326" y="0.09860628679" />
<nu p="p" t="5.5" id="3" x="2.382944679" y="8.57799933" />
<nu p="p" t="5.516731218" id="3" x="2.433374675" y="8.545641112" />
<nu p="p" t="5.516818683" id="2" x="8.761134509" y="0.1285656433" />
<nu p="p" t="5.536341536" id="0" x="0.3759726741" y="0.6245046717" />
<nu p="p" t="5.559963999" id="1" x="7.719278974" y="2.970410986" />
<nu p="p" t="5.75" id="0" x="0.1287939348" y="-0.02982344699" />
<nu p="p" t="5.75" id="1" x="8.184395646" y="3.224911805" />
<nu p="p" t="5.75" id="2" x="8.47901841" y="-0.4483128633" />
<nu p="p" t="5.75" id="3" x="2.433530583" y="7.764562241" />
<nu p="p" t="5.75" id="4" x="5.392966474" y="10.69263046" />
<nu p="p" t="5.761549901" id="4" x="5.38769104" y="10.65353275" />
<nu p="p" t="5.815380671" id="3" x="2.433574281" y="7.545641131" />
<nu p="p" t="5.841804078" id="0" x="0.02258697329" y="-0.3109730374" />
<nu p="p" t="5.879935068" id="2" x="8.321815531" y="-0.7697654949" />
<nu p="p" t="5.918392245" id="1" x="8.596538819" y="3.450426781" />
<nc c="1" i="0" t="6" v="8" />
<nc c="2" i="0" t="6" v="0" />
<nc c="3" i="0" t="6" v="8" />
<nc c="4" i="0" t="6" v="0" />
<nc c="1" i="1" t="6" v="0" />
<nc c="2" i="1" t="6" v="0" />
<nc c="3" i="1" t="6" v="4" />
<nc c="4" i="1" t="6" v="0" />
<nc c="1" i="2" t="6" v="0" />
<nc c="2" i="2" t="6" v="0" />
<nc c="3" i="2" t="6" v="4" />
<nc c="4" i="2" t="6" v="0" />
<nc c="1" i="3" t="6" v="4" />
<nc c="2" i="3" t="6" v="0" />
<nc c="3" i="3" t="6" v="6" />
<nc c="4" i="3" t="6" v="0" />
<nc c="1" i="4" t="6" v="4" />
<nc c="2" i="4" t="6" v="0" />
<nc c="3" i="4" t="6" v="6" />
<nc c="4" i="4" t="6" v="0" />
<nc c="5" i="0" t="6" v="0" />
<nc c="6" i="0" t="6" v="0" />
<nc c="5" i="1" t="6" v="0" />
<nc c="6" i="1" t="6" v="0" />
<nc c="5" i="2" t="6" v="0" />
<nc c="6" i="2" t="6" v="0" />
<nc c="5" i="3" t="6" v="0" />
<nc c="6" i="3" t="6" v="0" />
<nc c="5" i="4" t="6" v="0" />
<nc c="6" i="4" t="6" v="0" />
<nu p="p" t="6" id="3" x="1.751732945" y="7.332856123" />
<nu p="p" t="6" id="4" x="5.819746631" y="9.918424158" />
<nu p="p" t="6.041198967" id="4" x="5.894396396" y="9.791413455" />
<nu p="p" t="6.073852548" id="3" x="1.478978623" y="7.247736569" />
<nu p="p" t="6.192167404" id="2" x="8.069173795" y="0.1977944023" />
<nu p="p" t="6.245163866" id="0" x="0.300753138" y="-1.271506006" />
<nu p="p" t="6.25" id="1" x="8.72997337" y="4.39377159" />
<nu p="p" t="6.25" id="2" x="7.934241283" y="0.2368072616" />
<nu p="p" t="6.25" id="4" x="5.370342964" y="10.11952361" />
<nu p="p" t="6.266450953" id="1" x="8.736593015" y="4.440570619" />
<nu p="p" t="6.378903707" id="4" x="5.0468176" y="10.32208302" />
<nu p="p" t="6.430900939" id="3" x="0.5818229258" y="6.806022116" />
<nu p="p" t="6.5" id="1" x="8.343475906" y="3.713360442" />
<nu p="p" t="6.548970391" id="1" x="8.261047402" y="3.560879552" />
<nu p="p" t="6.603906879" id="2" x="7.108521058" y="0.4755466617" />
<nu p="p" t="6.674131651" id="4" x="5.743510279" y="11.03945274" />
<nu p="p" t="6.67639153" id="0" x="0.1458936873" y="-2.259442517" />
<nu p="p" t="6.75" id="0" x="-0.08622990779" y="-2.32567179" />
<nu p="p" t="6.75" id="1" x="7.73583724" y="3.32167276" />
<nu p="p" t="6.75" id="2" x="7.370588978" y="-0.006446110294" />
<nu p="p" t="6.836514304" id="3" x="-0.1262530514" y="6.099885861" />
<nu p="p" t="6.870193258" id="2" x="7.586196645" y="-0.4029896382" />
<nu p="p" t="6.897303805" id="1" x="7.350991169" y="3.146394746" />
<nu p="p" t="6.97706216" id="4" x="4.821608166" y="11.42687563" />
<nu p="p" t="6.981331201" id="0" x="-0.8157306029" y="-2.533812199" />
</anim>
