<anim ver="netanim-3.108" filetype="animation" >
<node id="0" sysId="0" locX="34.95727508" locY="73.8351028" />
<node id="1" sysId="0" locX="65.56081794" locY="89.50973186" />
<node id="2" sysId="0" locX="70.80834442" locY="83.25513747" />
<node id="3" sysId="0" locX="68.73359708" locY="66.98251441" />
<node id="4" sysId="0" locX="20.40129598" locY="71.38340927" />
<nu p="c" t="0" id="0" r="255" g="0" b="0" />
<nu p="c" t="0" id="1" r="255" g="0" b="0" />
<nu p="c" t="0" id="2" r="255" g="0" b="0" />
<nu p="c" t="0" id="3" r="255" g="0" b="0" />
<nu p="c" t="0" id="4" r="255" g="0" b="0" />
<nonp2plinkproperties id="0" ipAddress="127.0.0.1~00:00:00:00:00:00" channelType="Unknown channel" />
<nonp2plinkproperties id="0" ipAddress="192.168.1.1~00:00:00:00:00:01" channelType="ns3::YansWifiChannel" />
<nonp2plinkproperties id="1" ipAddress="127.0.0.1~00:00:00:00:00:00" channelType="Unknown channel" />
<nonp2plinkproperties id="1" ipAddress="192.168.1.2~00:00:00:00:00:02" channelType="ns3::YansWifiChannel" />
<nonp2plinkproperties id="2" ipAddress="127.0.0.1~00:00:00:00:00:00" channelType="Unknown channel" />
<nonp2plinkproperties id="2" ipAddress="192.168.1.3~00:00:00:00:00:03" channelType="ns3::YansWifiChannel" />
<nonp2plinkproperties id="3" ipAddress="127.0.0.1~00:00:00:00:00:00" channelType="Unknown channel" />
<nonp2plinkproperties id="3" ipAddress="192.168.1.4~00:00:00:00:00:04" channelType="ns3::YansWifiChannel" />
<nonp2plinkproperties id="4" ipAddress="127.0.0.1~00:00:00:00:00:00" channelType="Unknown channel" />
<nonp2plinkproperties id="4" ipAddress="192.168.1.5~00:00:00:00:00:05" channelType="ns3::YansWifiChannel" />
<ip n="0" >
<address >127.0.0.1</address>

<address >192.168.1.1</address>

<address >192.168.1.6</address>

</ip>
<ip n="0" >
<address >127.0.0.1</address>

<address >192.168.1.1</address>

<address >192.168.1.6</address>

</ip>
<ip n="0" >
<address >127.0.0.1</address>

<address >192.168.1.1</address>

<address >192.168.1.6</address>

</ip>
<ip n="1" >
<address >127.0.0.1</address>

<address >192.168.1.2</address>

<address >192.168.1.7</address>

</ip>
<ip n="1" >
<address >127.0.0.1</address>

<address >192.168.1.2</address>

<address >192.168.1.7</address>

</ip>
<ip n="1" >
<address >127.0.0.1</address>

<address >192.168.1.2</address>

<address >192.168.1.7</address>

</ip>
<ip n="2" >
<address >127.0.0.1</address>

<address >192.168.1.3</address>

<address >192.168.1.8</address>

</ip>
<ip n="2" >
<address >127.0.0.1</address>

<address >192.168.1.3</address>

<address >192.168.1.8</address>

</ip>
<ip n="2" >
<address >127.0.0.1</address>

<address >192.168.1.3</address>

<address >192.168.1.8</address>

</ip>
<ip n="3" >
<address >127.0.0.1</address>

<address >192.168.1.4</address>

<address >192.168.1.9</address>

</ip>
<ip n="3" >
<address >127.0.0.1</address>

<address >192.168.1.4</address>

<address >192.168.1.9</address>

</ip>
<ip n="3" >
<address >127.0.0.1</address>

<address >192.168.1.4</address>

<address >192.168.1.9</address>

</ip>
<ip n="4" >
<address >127.0.0.1</address>

<address >192.168.1.5</address>

<address >192.168.1.10</address>

</ip>
<ip n="4" >
<address >127.0.0.1</address>

<address >192.168.1.5</address>

<address >192.168.1.10</address>

</ip>
<ip n="4" >
<address >127.0.0.1</address>

<address >192.168.1.5</address>

<address >192.168.1.10</address>

</ip>
<ipv6 n="0" >
<address >::1</address>

</ipv6>
<ipv6 n="1" >
<address >::1</address>

</ipv6>
<ipv6 n="2" >
<address >::1</address>

</ipv6>
<ipv6 n="3" >
<address >::1</address>

</ipv6>
<ipv6 n="4" >
<address >::1</address>

</ipv6>
<nu p="s" t="0" id="0" w="1" h="1" />
<nu p="s" t="0" id="1" w="1" h="1" />
<nu p="s" t="0" id="2" w="1" h="1" />
<nu p="s" t="0" id="3" w="1" h="1" />
<nu p="s" t="0" id="4" w="1" h="1" />
<ncs ncId="0" n="RemainingEnergy" t="DOUBLE" />
<nu p="d" t="0" id="0" descr="SRV-0" />
<nu p="c" t="0" id="0" r="255" g="0" b="0" />
<nu p="d" t="0" id="3" descr="CLI-3" />
<nu p="c" t="0" id="3" r="0" g="255" b="0" />
<nu p="d" t="0" id="4" descr="CLI-4" />
<nu p="c" t="0" id="4" r="0" g="255" b="0" />
<nu p="d" t="0" id="1" descr="HOC-1" />
<nu p="c" t="0" id="1" r="0" g="0" b="255" />
<nu p="d" t="0" id="2" descr="HOC-2" />
<nu p="c" t="0" id="2" r="0" g="0" b="255" />
<ncs ncId="1" n="WifiMac Tx" t="DOUBLE" />
<ncs ncId="2" n="WifiMac TxDrop" t="DOUBLE" />
<ncs ncId="3" n="WifiMac Rx" t="DOUBLE" />
<ncs ncId="4" n="WifiMac RxDrop" t="DOUBLE" />
<nc c="1" i="0" t="0" v="0" />
<nc c="2" i="0" t="0" v="0" />
<nc c="3" i="0" t="0" v="0" />
<nc c="4" i="0" t="0" v="0" />
<nc c="1" i="1" t="0" v="0" />
<nc c="2" i="1" t="0" v="0" />
<nc c="3" i="1" t="0" v="0" />
<nc c="4" i="1" t="0" v="0" />
<nc c="1" i="2" t="0" v="0" />
<nc c="2" i="2" t="0" v="0" />
<nc c="3" i="2" t="0" v="0" />
<nc c="4" i="2" t="0" v="0" />
<nc c="1" i="3" t="0" v="0" />
<nc c="2" i="3" t="0" v="0" />
<nc c="3" i="3" t="0" v="0" />
<nc c="4" i="3" t="0" v="0" />
<nc c="1" i="4" t="0" v="0" />
<nc c="2" i="4" t="0" v="0" />
<nc c="3" i="4" t="0" v="0" />
<nc c="4" i="4" t="0" v="0" />
<ncs ncId="5" n="WifiPhy TxDrop" t="DOUBLE" />
<ncs ncId="6" n="WifiPhy RxDrop" t="DOUBLE" />
<nc c="5" i="0" t="0" v="0" />
<nc c="6" i="0" t="0" v="0" />
<nc c="5" i="1" t="0" v="0" />
<nc c="6" i="1" t="0" v="0" />
<nc c="5" i="2" t="0" v="0" />
<nc c="6" i="2" t="0" v="0" />
<nc c="5" i="3" t="0" v="0" />
<nc c="6" i="3" t="0" v="0" />
<nc c="5" i="4" t="0" v="0" />
<nc c="6" i="4" t="0" v="0" />
<nu p="p" t="0" id="0" x="34.95727508" y="73.8351028" />
<nu p="p" t="0" id="1" x="65.56081794" y="89.50973186" />
<nu p="p" t="0" id="2" x="70.80834442" y="83.25513747" />
<nu p="p" t="0" id="3" x="68.73359708" y="66.98251441" />
<nu p="p" t="0" id="4" x="20.40129598" y="71.38340927" />
<nc c="1" i="0" t="0" v="0" />
<nc c="2" i="0" t="0" v="0" />
<nc c="3" i="0" t="0" v="0" />
<nc c="4" i="0" t="0" v="0" />
<nc c="1" i="1" t="0" v="0" />
<nc c="2" i="1" t="0" v="0" />
<nc c="3" i="1" t="0" v="0" />
<nc c="4" i="1" t="0" v="0" />
<nc c="1" i="2" t="0" v="0" />
<nc c="2" i="2" t="0" v="0" />
<nc c="3" i="2" t="0" v="0" />
<nc c="4" i="2" t="0" v="0" />
<nc c="1" i="3" t="0" v="0" />
<nc c="2" i="3" t="0" v="0" />
<nc c="3" i="3" t="0" v="0" />
<nc c="4" i="3" t="0" v="0" />
<nc c="1" i="4" t="0" v="0" />
<nc c="2" i="4" t="0" v="0" />
<nc c="3" i="4" t="0" v="0" />
<nc c="4" i="4" t="0" v="0" />
<nc c="5" i="0" t="0" v="0" />
<nc c="6" i="0" t="0" v="0" />
<nc c="5" i="1" t="0" v="0" />
<nc c="6" i="1" t="0" v="0" />
<nc c="5" i="2" t="0" v="0" />
<nc c="6" i="2" t="0" v="0" />
<nc c="5" i="3" t="0" v="0" />
<nc c="6" i="3" t="0" v="0" />
<nc c="5" i="4" t="0" v="0" />
<nc c="6" i="4" t="0" v="0" />
<nu p="p" t="0.180674557" id="1" x="66.08421335" y="90" />
<nu p="p" t="0.25" id="0" x="35.70585936" y="73.72526239" />
<nu p="p" t="0.25" id="3" x="69.43986279" y="67.53570478" />
<nu p="p" t="0.25" id="4" x="21.21637774" y="71.10972987" />
<nu p="p" t="0.25193376" id="1" x="66.29064386" y="89.8066351" />
<nu p="p" t="0.278668389" id="3" x="69.52085279" y="67.59914109" />
<nu p="p" t="0.290764775" id="4" x="21.34928424" y="71.06510395" />
<nu p="p" t="0.330425649" id="0" x="35.94668087" y="73.68992644" />
<nu p="p" t="0.419382101" id="2" x="70.75832592" y="84.25388576" />
<nu p="p" t="0.5" id="0" x="35.68896002" y="74.05487538" />
<nu p="p" t="0.5" id="1" x="67.10258859" y="89.9987927" />
<nu p="p" t="0.5" id="3" x="68.83793903" y="67.69336799" />
<nu p="p" t="0.5" id="4" x="21.65202393" y="70.31700825" />
<nu p="p" t="0.501558571" id="1" x="67.10768995" y="90" />
<nu p="p" t="0.54924222" id="1" x="67.26376313" y="89.96306319" />
<nu p="p" t="0.550030292" id="4" x="21.7244121" y="70.13813088" />
<nu p="p" t="0.580809162" id="1" x="67.1800782" y="90" />
<nu p="p" t="0.599725597" id="3" x="68.53023792" y="67.7358239" />
<nu p="p" t="0.709977796" id="0" x="35.36983361" y="74.50677847" />
<nu p="p" t="0.748231203" id="2" x="69.86164646" y="83.81120536" />
<nu p="p" t="0.75" id="1" x="66.73154808" y="89.80202803" />
<nu p="p" t="0.75" id="3" x="68.43313985" y="68.27476296" />
<nu p="p" t="0.84926224" id="4" x="21.38652287" y="71.07931676" />
<nu p="p" t="0.874141222" id="3" x="68.35292743" y="68.71997886" />
<nu p="p" t="0.894334111" id="1" x="66.34891391" y="89.63314118" />
<nc c="1" i="0" t="1" v="0" />
<nc c="2" i="0" t="1" v="0" />
<nc c="3" i="0" t="1" v="0" />
<nc c="4" i="0" t="1" v="0" />
<nc c="1" i="1" t="1" v="0" />
<nc c="2" i="1" t="1" v="0" />
<nc c="3" i="1" t="1" v="0" />
<nc c="4" i="1" t="1" v="0" />
<nc c="1" i="2" t="1" v="0" />
<nc c="2" i="2" t="1" v="0" />
<nc c="3" i="2" t="1" v="0" />
<nc c="4" i="2" t="1" v="0" />
<nc c="1" i="3" t="1" v="0" />
<nc c="2" i="3" t="1" v="0" />
<nc c="3" i="3" t="1" v="0" />
<nc c="4" i="3" t="1" v="0" />
<nc c="1" i="4" t="1" v="0" />
<nc c="2" i="4" t="1" v="0" />
<nc c="3" i="4" t="1" v="0" />
<nc c="4" i="4" t="1" v="0" />
<nc c="5" i="0" t="1" v="0" />
<nc c="6" i="0" t="1" v="0" />
<nc c="5" i="1" t="1" v="0" />
<nc c="6" i="1" t="1" v="0" />
<nc c="5" i="2" t="1" v="0" />
<nc c="6" i="2" t="1" v="0" />
<nc c="5" i="3" t="1" v="0" />
<nc c="6" i="3" t="1" v="0" />
<nc c="5" i="4" t="1" v="0" />
<nc c="6" i="4" t="1" v="0" />
<nu p="p" t="1" id="0" x="34.52101885" y="74.69970977" />
<nu p="p" t="1" id="2" x="69.15494665" y="84.43505025" />
<nu p="p" t="1" id="3" x="68.29347468" y="69.08450111" />
<pr uId="1" fId="4" fbTx="1.00205" meta-info="ns3::WifiMacHeader (DATA ToDS=0, FromDS=0, MoreFrag=0, Retry=0, MoreData=0 Duration/ID=0us, DA=ff:ff:ff:ff:ff:ff, SA=00:00:00:00:00:05, BSSID=00:00:00:00:00:05, FragNumber=0, SeqNumber=0) ns3::LlcSnapHeader (type 0x806) ns3::ArpHeader (request source mac: 00-06-00:00:00:00:00:05 source ipv4: 192.168.1.5 dest ipv4: 192.168.1.1) ns3::WifiMacTrailer ()" />
<wpr uId="1" tId="0" fbRx="1.002054044" lbRx="0" />
<wpr uId="1" tId="3" fbRx="1.002054155" lbRx="0" />
<wpr uId="1" tId="1" fbRx="1.002054161" lbRx="0" />
<wpr uId="1" tId="2" fbRx="1.002054164" lbRx="0" />
<pr uId="2" fId="0" fbTx="1.002804044" meta-info="ns3::WifiMacHeader (DATA ToDS=0, FromDS=0, MoreFrag=0, Retry=0, MoreData=0 Duration/ID=314us, DA=00:00:00:00:00:05, SA=00:00:00:00:00:01, BSSID=00:00:00:00:00:01, FragNumber=0, SeqNumber=0) ns3::LlcSnapHeader (type 0x806) ns3::ArpHeader (reply source mac: 00-06-00:00:00:00:00:01 source ipv4: 192.168.1.1 dest mac: 00-06-00:00:00:00:00:05 dest ipv4: 192.168.1.5) ns3::WifiMacTrailer ()" />
<wpr uId="2" tId="4" fbRx="1.002808088" lbRx="0" />
<wpr uId="2" tId="3" fbRx="1.002808158" lbRx="0" />
<wpr uId="2" tId="1" fbRx="1.002808161" lbRx="0" />
<wpr uId="2" tId="2" fbRx="1.002808164" lbRx="0" />
<pr uId="3" fId="4" fbTx="1.003518088" meta-info="ns3::WifiMacHeader (CTL_ACK Duration/ID=0us, RA=00:00:00:00:00:01) ns3::WifiMacTrailer ()" />
<wpr uId="3" tId="0" fbRx="1.003522132" lbRx="0" />
<wpr uId="3" tId="3" fbRx="1.003522243" lbRx="0" />
<wpr uId="3" tId="1" fbRx="1.003522249" lbRx="0" />
<wpr uId="3" tId="2" fbRx="1.003522252" lbRx="0" />
<pr uId="4" fId="4" fbTx="1.004072088" meta-info="ns3::WifiMacHeader (CTL_RTS Duration/ID=5438us, RA=00:00:00:00:00:01, TA=00:00:00:00:00:05) ns3::WifiMacTrailer ()" />
<wpr uId="4" tId="0" fbRx="1.004076132" lbRx="0" />
<wpr uId="4" tId="3" fbRx="1.004076243" lbRx="0" />
<wpr uId="4" tId="1" fbRx="1.004076249" lbRx="0" />
<wpr uId="4" tId="2" fbRx="1.004076252" lbRx="0" />
<pr uId="5" fId="0" fbTx="1.004434132" meta-info="ns3::WifiMacHeader (CTL_CTS Duration/ID=5124us, RA=00:00:00:00:00:05) ns3::WifiMacTrailer ()" />
<wpr uId="5" tId="4" fbRx="1.004438176" lbRx="0" />
<wpr uId="5" tId="3" fbRx="1.004438246" lbRx="0" />
<wpr uId="5" tId="1" fbRx="1.004438249" lbRx="0" />
<wpr uId="5" tId="2" fbRx="1.004438252" lbRx="0" />
<pr uId="6" fId="4" fbTx="1.004748176" meta-info="ns3::WifiMacHeader (DATA ToDS=0, FromDS=0, MoreFrag=0, Retry=0, MoreData=0 Duration/ID=314us, DA=00:00:00:00:00:01, SA=00:00:00:00:00:05, BSSID=00:00:00:00:00:05, FragNumber=0, SeqNumber=1) ns3::LlcSnapHeader (type 0x800) ns3::Ipv4Header (tos 0x0 DSCP Default ECN Not-ECT ttl 64 id 0 protocol 17 offset (bytes) 0 flags [none] length: 540 192.168.1.5 &gt; 192.168.1.1) ns3::UdpHeader (length: 520 49153 &gt; 20) Payload (size=512) ns3::WifiMacTrailer ()" />
<wpr uId="6" tId="0" fbRx="1.00475222" lbRx="0" />
<wpr uId="6" tId="3" fbRx="1.004752331" lbRx="0" />
<wpr uId="6" tId="1" fbRx="1.004752337" lbRx="0" />
<wpr uId="6" tId="2" fbRx="1.00475234" lbRx="0" />
<pr uId="7" fId="0" fbTx="1.00955822" meta-info="ns3::WifiMacHeader (CTL_ACK Duration/ID=0us, RA=00:00:00:00:00:05) ns3::WifiMacTrailer ()" />
<wpr uId="7" tId="4" fbRx="1.009562264" lbRx="0" />
<wpr uId="7" tId="3" fbRx="1.009562334" lbRx="0" />
<wpr uId="7" tId="1" fbRx="1.009562337" lbRx="0" />
<wpr uId="7" tId="2" fbRx="1.00956234" lbRx="0" />
<nu p="p" t="1.01531468" id="2" x="69.11195926" y="84.4729977" />
<pr uId="8" fId="0" fbTx="1.01559822" meta-info="ns3::WifiMacHeader (DATA ToDS=0, FromDS=0, MoreFrag=0, Retry=0, MoreData=0 Duration/ID=0us, DA=ff:ff:ff:ff:ff:ff, SA=00:00:00:00:00:01, BSSID=00:00:00:00:00:01, FragNumber=0, SeqNumber=1) ns3::LlcSnapHeader (type 0x806) ns3::ArpHeader (request source mac: 00-06-00:00:00:00:00:01 source ipv4: 192.168.1.1 dest ipv4: 192.168.1.5) ns3::WifiMacTrailer ()" />
<wpr uId="8" tId="4" fbRx="1.015602264" lbRx="0" />
<wpr uId="8" tId="3" fbRx="1.015602334" lbRx="0" />
<wpr uId="8" tId="1" fbRx="1.015602337" lbRx="0" />
<wpr uId="8" tId="2" fbRx="1.01560234" lbRx="0" />
<pr uId="9" fId="4" fbTx="1.016352264" meta-info="ns3::WifiMacHeader (DATA ToDS=0, FromDS=0, MoreFrag=0, Retry=0, MoreData=0 Duration/ID=314us, DA=00:00:00:00:00:01, SA=00:00:00:00:00:05, BSSID=00:00:00:00:00:05, FragNumber=0, SeqNumber=2) ns3::LlcSnapHeader (type 0x806) ns3::ArpHeader (reply source mac: 00-06-00:00:00:00:00:05 source ipv4: 192.168.1.5 dest mac: 00-06-00:00:00:00:00:01 dest ipv4: 192.168.1.1) ns3::WifiMacTrailer ()" />
<wpr uId="9" tId="0" fbRx="1.016356308" lbRx="0" />
<wpr uId="9" tId="3" fbRx="1.016356419" lbRx="0" />
<wpr uId="9" tId="1" fbRx="1.016356425" lbRx="0" />
<wpr uId="9" tId="2" fbRx="1.016356428" lbRx="0" />
<pr uId="10" fId="0" fbTx="1.017066308" meta-info="ns3::WifiMacHeader (CTL_ACK Duration/ID=0us, RA=00:00:00:00:00:05) ns3::WifiMacTrailer ()" />
<wpr uId="10" tId="4" fbRx="1.017070352" lbRx="0" />
<wpr uId="10" tId="3" fbRx="1.017070422" lbRx="0" />
<wpr uId="10" tId="1" fbRx="1.017070425" lbRx="0" />
<wpr uId="10" tId="2" fbRx="1.017070428" lbRx="0" />
<pr uId="11" fId="0" fbTx="1.017460308" meta-info="ns3::WifiMacHeader (CTL_RTS Duration/ID=5438us, RA=00:00:00:00:00:05, TA=00:00:00:00:00:01) ns3::WifiMacTrailer ()" />
<wpr uId="11" tId="4" fbRx="1.017464352" lbRx="0" />
<wpr uId="11" tId="3" fbRx="1.017464422" lbRx="0" />
<wpr uId="11" tId="1" fbRx="1.017464425" lbRx="0" />
<wpr uId="11" tId="2" fbRx="1.017464428" lbRx="0" />
<pr uId="12" fId="4" fbTx="1.017822352" meta-info="ns3::WifiMacHeader (CTL_CTS Duration/ID=5124us, RA=00:00:00:00:00:01) ns3::WifiMacTrailer ()" />
<wpr uId="12" tId="0" fbRx="1.017826396" lbRx="0" />
<wpr uId="12" tId="3" fbRx="1.017826507" lbRx="0" />
<wpr uId="12" tId="1" fbRx="1.017826513" lbRx="0" />
<wpr uId="12" tId="2" fbRx="1.017826516" lbRx="0" />
<pr uId="13" fId="0" fbTx="1.018136396" meta-info="ns3::WifiMacHeader (DATA ToDS=0, FromDS=0, MoreFrag=0, Retry=0, MoreData=0 Duration/ID=314us, DA=00:00:00:00:00:05, SA=00:00:00:00:00:01, BSSID=00:00:00:00:00:01, FragNumber=0, SeqNumber=2) ns3::LlcSnapHeader (type 0x800) ns3::Ipv4Header (tos 0x0 DSCP Default ECN Not-ECT ttl 64 id 0 protocol 17 offset (bytes) 0 flags [none] length: 540 192.168.1.1 &gt; 192.168.1.5) ns3::UdpHeader (length: 520 20 &gt; 49153) Payload (size=512) ns3::WifiMacTrailer ()" />
<wpr uId="13" tId="4" fbRx="1.01814044" lbRx="0" />
<wpr uId="13" tId="3" fbRx="1.01814051" lbRx="0" />
<wpr uId="13" tId="1" fbRx="1.018140513" lbRx="0" />
<wpr uId="13" tId="2" fbRx="1.018140516" lbRx="0" />
<pr uId="14" fId="4" fbTx="1.02294644" meta-info="ns3::WifiMacHeader (CTL_ACK Duration/ID=0us, RA=00:00:00:00:00:01) ns3::WifiMacTrailer ()" />
<wpr uId="14" tId="0" fbRx="1.022950484" lbRx="0" />
<wpr uId="14" tId="3" fbRx="1.022950595" lbRx="0" />
<wpr uId="14" tId="1" fbRx="1.022950601" lbRx="0" />
<wpr uId="14" tId="2" fbRx="1.022950604" lbRx="0" />
<nu p="p" t="1.043158646" id="0" x="34.39470543" y="74.72842017" />
<nu p="p" t="1.214909108" id="3" x="68.19195664" y="69.70693803" />
<nu p="p" t="1.226060984" id="4" x="22.34291137" y="71.3714144" />
<nu p="p" t="1.25" id="1" x="66.58647579" y="88.81877089" />
<nu p="p" t="1.25" id="2" x="68.8052175" y="84.95341237" />
<nu p="p" t="1.313596776" id="1" x="66.62895433" y="88.67315297" />
<nu p="p" t="1.427050433" id="2" x="68.57380651" y="85.31584503" />
<nu p="p" t="1.5" id="0" x="33.66813168" y="74.06014401" />
<nu p="p" t="1.5" id="3" x="68.21926052" y="70.39305355" />
<nu p="p" t="1.505937965" id="0" x="33.65868776" y="74.05145784" />
<nu p="p" t="1.630094907" id="3" x="68.23172004" y="70.70614716" />
<nu p="p" t="1.669235779" id="4" x="23.24981367" y="71.79275537" />
<nu p="p" t="1.716849357" id="2" x="67.68215432" y="85.7685661" />
<nu p="p" t="1.75" id="0" x="33.12427346" y="73.6849798" />
<nu p="p" t="1.75" id="1" x="65.97047524" y="88.0835407" />
<nu p="p" t="1.807334664" id="1" x="65.88396425" y="88.00607743" />
<nu p="p" t="1.882576548" id="0" x="32.83397511" y="73.48590586" />
<nc c="1" i="0" t="2" v="3" />
<nc c="2" i="0" t="2" v="0" />
<nc c="3" i="0" t="2" v="3" />
<nc c="4" i="0" t="2" v="0" />
<nc c="1" i="1" t="2" v="0" />
<nc c="2" i="1" t="2" v="0" />
<nc c="3" i="1" t="2" v="2" />
<nc c="4" i="1" t="2" v="0" />
<nc c="1" i="2" t="2" v="0" />
<nc c="2" i="2" t="2" v="0" />
<nc c="3" i="2" t="2" v="2" />
<nc c="4" i="2" t="2" v="0" />
<nc c="1" i="3" t="2" v="0" />
<nc c="2" i="3" t="2" v="0" />
<nc c="3" i="3" t="2" v="2" />
<nc c="4" i="3" t="2" v="0" />
<nc c="1" i="4" t="2" v="3" />
<nc c="2" i="4" t="2" v="0" />
<nc c="3" i="4" t="2" v="3" />
<nc c="4" i="4" t="2" v="0" />
<nc c="5" i="0" t="2" v="0" />
<nc c="6" i="0" t="2" v="0" />
<nc c="5" i="1" t="2" v="0" />
<nc c="6" i="1" t="2" v="0" />
<nc c="5" i="2" t="2" v="0" />
<nc c="6" i="2" t="2" v="0" />
<nc c="5" i="3" t="2" v="0" />
<nc c="6" i="3" t="2" v="0" />
<nc c="5" i="4" t="2" v="0" />
<nc c="6" i="4" t="2" v="0" />
<nu p="p" t="2" id="1" x="66.33036511" y="88.46482567" />
<nu p="p" t="2" id="2" x="67.52035633" y="86.44358209" />
<nu p="p" t="2" id="3" x="68.47331221" y="69.93549526" />
<nu p="p" t="2" id="4" x="22.26874754" y="71.70153048" />
<pr uId="15" fId="4" fbTx="2.00005" meta-info="ns3::WifiMacHeader (CTL_RTS Duration/ID=5438us, RA=00:00:00:00:00:01, TA=00:00:00:00:00:05) ns3::WifiMacTrailer ()" />
<wpr uId="15" tId="0" fbRx="2.000054035" lbRx="0" />
<wpr uId="15" tId="3" fbRx="2.000054154" lbRx="0" />
<wpr uId="15" tId="1" fbRx="2.000054157" lbRx="0" />
<wpr uId="15" tId="2" fbRx="2.000054159" lbRx="0" />
<pr uId="16" fId="0" fbTx="2.000412035" meta-info="ns3::WifiMacHeader (CTL_CTS Duration/ID=5124us, RA=00:00:00:00:00:05) ns3::WifiMacTrailer ()" />
<wpr uId="16" tId="4" fbRx="2.00041607" lbRx="0" />
<wpr uId="16" tId="3" fbRx="2.000416155" lbRx="0" />
<wpr uId="16" tId="1" fbRx="2.000416158" lbRx="0" />
<wpr uId="16" tId="2" fbRx="2.000416159" lbRx="0" />
<pr uId="17" fId="4" fbTx="2.00072607" meta-info="ns3::WifiMacHeader (DATA ToDS=0, FromDS=0, MoreFrag=0, Retry=0, MoreData=0 Duration/ID=314us, DA=00:00:00:00:00:01, SA=00:00:00:00:00:05, BSSID=00:00:00:00:00:05, FragNumber=0, SeqNumber=3) ns3::LlcSnapHeader (type 0x800) ns3::Ipv4Header (tos 0x0 DSCP Default ECN Not-ECT ttl 64 id 1 protocol 17 offset (bytes) 0 flags [none] length: 540 192.168.1.5 &gt; 192.168.1.1) ns3::UdpHeader (length: 520 49153 &gt; 20) Payload (size=512) ns3::WifiMacTrailer ()" />
<wpr uId="17" tId="0" fbRx="2.000730105" lbRx="0" />
<wpr uId="17" tId="3" fbRx="2.000730224" lbRx="0" />
<wpr uId="17" tId="1" fbRx="2.000730227" lbRx="0" />
<wpr uId="17" tId="2" fbRx="2.000730229" lbRx="0" />
<nu p="p" t="2.004935355" id="4" x="22.25410899" y="71.70016931" />
<pr uId="18" fId="0" fbTx="2.005536105" meta-info="ns3::WifiMacHeader (CTL_ACK Duration/ID=0us, RA=00:00:00:00:00:05) ns3::WifiMacTrailer ()" />
<wpr uId="18" tId="4" fbRx="2.00554014" lbRx="0" />
<wpr uId="18" tId="3" fbRx="2.005540225" lbRx="0" />
<wpr uId="18" tId="1" fbRx="2.005540228" lbRx="0" />
<wpr uId="18" tId="2" fbRx="2.005540229" lbRx="0" />
<pr uId="19" fId="0" fbTx="2.005890105" meta-info="ns3::WifiMacHeader (CTL_RTS Duration/ID=5438us, RA=00:00:00:00:00:05, TA=00:00:00:00:00:01) ns3::WifiMacTrailer ()" />
<wpr uId="19" tId="4" fbRx="2.00589414" lbRx="0" />
<wpr uId="19" tId="3" fbRx="2.005894225" lbRx="0" />
<wpr uId="19" tId="1" fbRx="2.005894228" lbRx="0" />
<wpr uId="19" tId="2" fbRx="2.005894229" lbRx="0" />
<pr uId="20" fId="4" fbTx="2.00625214" meta-info="ns3::WifiMacHeader (CTL_CTS Duration/ID=5124us, RA=00:00:00:00:00:01) ns3::WifiMacTrailer ()" />
<wpr uId="20" tId="0" fbRx="2.006256175" lbRx="0" />
<wpr uId="20" tId="3" fbRx="2.006256294" lbRx="0" />
<wpr uId="20" tId="1" fbRx="2.006256297" lbRx="0" />
<wpr uId="20" tId="2" fbRx="2.006256299" lbRx="0" />
<pr uId="21" fId="0" fbTx="2.006566175" meta-info="ns3::WifiMacHeader (DATA ToDS=0, FromDS=0, MoreFrag=0, Retry=0, MoreData=0 Duration/ID=314us, DA=00:00:00:00:00:05, SA=00:00:00:00:00:01, BSSID=00:00:00:00:00:01, FragNumber=0, SeqNumber=3) ns3::LlcSnapHeader (type 0x800) ns3::Ipv4Header (tos 0x0 DSCP Default ECN Not-ECT ttl 64 id 1 protocol 17 offset (bytes) 0 flags [none] length: 540 192.168.1.1 &gt; 192.168.1.5) ns3::UdpHeader (length: 520 20 &gt; 49153) Payload (size=512) ns3::WifiMacTrailer ()" />
<wpr uId="21" tId="4" fbRx="2.00657021" lbRx="0" />
<wpr uId="21" tId="3" fbRx="2.006570295" lbRx="0" />
<wpr uId="21" tId="1" fbRx="2.006570298" lbRx="0" />
<wpr uId="21" tId="2" fbRx="2.006570299" lbRx="0" />
<pr uId="22" fId="4" fbTx="2.01137621" meta-info="ns3::WifiMacHeader (CTL_ACK Duration/ID=0us, RA=00:00:00:00:00:01) ns3::WifiMacTrailer ()" />
<wpr uId="22" tId="0" fbRx="2.011380245" lbRx="0" />
<wpr uId="22" tId="3" fbRx="2.011380364" lbRx="0" />
<wpr uId="22" tId="1" fbRx="2.011380367" lbRx="0" />
<wpr uId="22" tId="2" fbRx="2.011380369" lbRx="0" />
<pr uId="23" fId="3" fbTx="2.011730364" meta-info="ns3::WifiMacHeader (DATA ToDS=0, FromDS=0, MoreFrag=0, Retry=0, MoreData=0 Duration/ID=0us, DA=ff:ff:ff:ff:ff:ff, SA=00:00:00:00:00:04, BSSID=00:00:00:00:00:04, FragNumber=0, SeqNumber=0) ns3::LlcSnapHeader (type 0x806) ns3::ArpHeader (request source mac: 00-06-00:00:00:00:00:04 source ipv4: 192.168.1.4 dest ipv4: 192.168.1.1) ns3::WifiMacTrailer ()" />
<wpr uId="23" tId="2" fbRx="2.011734419" lbRx="0" />
<wpr uId="23" tId="1" fbRx="2.011734426" lbRx="0" />
<wpr uId="23" tId="0" fbRx="2.011734484" lbRx="0" />
<wpr uId="23" tId="4" fbRx="2.011734518" lbRx="0" />
<pr uId="24" fId="0" fbTx="2.012784484" meta-info="ns3::WifiMacHeader (DATA ToDS=0, FromDS=0, MoreFrag=0, Retry=0, MoreData=0 Duration/ID=314us, DA=00:00:00:00:00:04, SA=00:00:00:00:00:01, BSSID=00:00:00:00:00:01, FragNumber=0, SeqNumber=4) ns3::LlcSnapHeader (type 0x806) ns3::ArpHeader (reply source mac: 00-06-00:00:00:00:00:01 source ipv4: 192.168.1.1 dest mac: 00-06-00:00:00:00:00:04 dest ipv4: 192.168.1.4) ns3::WifiMacTrailer ()" />
<wpr uId="24" tId="4" fbRx="2.012788519" lbRx="0" />
<wpr uId="24" tId="3" fbRx="2.012788604" lbRx="0" />
<wpr uId="24" tId="1" fbRx="2.012788607" lbRx="0" />
<wpr uId="24" tId="2" fbRx="2.012788608" lbRx="0" />
<pr uId="25" fId="3" fbTx="2.013498604" meta-info="ns3::WifiMacHeader (CTL_ACK Duration/ID=0us, RA=00:00:00:00:00:01) ns3::WifiMacTrailer ()" />
<wpr uId="25" tId="2" fbRx="2.013502659" lbRx="0" />
<wpr uId="25" tId="1" fbRx="2.013502666" lbRx="0" />
<wpr uId="25" tId="0" fbRx="2.013502724" lbRx="0" />
<wpr uId="25" tId="4" fbRx="2.013502758" lbRx="0" />
<pr uId="26" fId="3" fbTx="2.013852604" meta-info="ns3::WifiMacHeader (CTL_RTS Duration/ID=5438us, RA=00:00:00:00:00:01, TA=00:00:00:00:00:04) ns3::WifiMacTrailer ()" />
<wpr uId="26" tId="2" fbRx="2.013856659" lbRx="0" />
<wpr uId="26" tId="1" fbRx="2.013856666" lbRx="0" />
<wpr uId="26" tId="0" fbRx="2.013856724" lbRx="0" />
<wpr uId="26" tId="4" fbRx="2.013856758" lbRx="0" />
<pr uId="27" fId="0" fbTx="2.014214724" meta-info="ns3::WifiMacHeader (CTL_CTS Duration/ID=5124us, RA=00:00:00:00:00:04) ns3::WifiMacTrailer ()" />
<wpr uId="27" tId="4" fbRx="2.014218759" lbRx="0" />
<wpr uId="27" tId="3" fbRx="2.014218844" lbRx="0" />
<wpr uId="27" tId="1" fbRx="2.014218847" lbRx="0" />
<wpr uId="27" tId="2" fbRx="2.014218848" lbRx="0" />
<pr uId="28" fId="3" fbTx="2.014528844" meta-info="ns3::WifiMacHeader (DATA ToDS=0, FromDS=0, MoreFrag=0, Retry=0, MoreData=0 Duration/ID=314us, DA=00:00:00:00:00:01, SA=00:00:00:00:00:04, BSSID=00:00:00:00:00:04, FragNumber=0, SeqNumber=1) ns3::LlcSnapHeader (type 0x800) ns3::Ipv4Header (tos 0x0 DSCP Default ECN Not-ECT ttl 64 id 0 protocol 17 offset (bytes) 0 flags [none] length: 540 192.168.1.4 &gt; 192.168.1.1) ns3::UdpHeader (length: 520 49153 &gt; 20) Payload (size=512) ns3::WifiMacTrailer ()" />
<wpr uId="28" tId="2" fbRx="2.014532899" lbRx="0" />
<wpr uId="28" tId="1" fbRx="2.014532906" lbRx="0" />
<wpr uId="28" tId="0" fbRx="2.014532964" lbRx="0" />
<wpr uId="28" tId="4" fbRx="2.014532998" lbRx="0" />
<pr uId="29" fId="0" fbTx="2.019338964" meta-info="ns3::WifiMacHeader (CTL_ACK Duration/ID=0us, RA=00:00:00:00:00:04) ns3::WifiMacTrailer ()" />
<wpr uId="29" tId="4" fbRx="2.019342999" lbRx="0" />
<wpr uId="29" tId="3" fbRx="2.019343084" lbRx="0" />
<wpr uId="29" tId="1" fbRx="2.019343087" lbRx="0" />
<wpr uId="29" tId="2" fbRx="2.019343088" lbRx="0" />
<pr uId="30" fId="0" fbTx="2.027378964" meta-info="ns3::WifiMacHeader (DATA ToDS=0, FromDS=0, MoreFrag=0, Retry=0, MoreData=0 Duration/ID=0us, DA=ff:ff:ff:ff:ff:ff, SA=00:00:00:00:00:01, BSSID=00:00:00:00:00:01, FragNumber=0, SeqNumber=5) ns3::LlcSnapHeader (type 0x806) ns3::ArpHeader (request source mac: 00-06-00:00:00:00:00:01 source ipv4: 192.168.1.1 dest ipv4: 192.168.1.4) ns3::WifiMacTrailer ()" />
<wpr uId="30" tId="4" fbRx="2.027382999" lbRx="0" />
<wpr uId="30" tId="3" fbRx="2.027383084" lbRx="0" />
<wpr uId="30" tId="1" fbRx="2.027383088" lbRx="0" />
<wpr uId="30" tId="2" fbRx="2.027383088" lbRx="0" />
<pr uId="31" fId="3" fbTx="2.028133084" meta-info="ns3::WifiMacHeader (DATA ToDS=0, FromDS=0, MoreFrag=0, Retry=0, MoreData=0 Duration/ID=314us, DA=00:00:00:00:00:01, SA=00:00:00:00:00:04, BSSID=00:00:00:00:00:04, FragNumber=0, SeqNumber=2) ns3::LlcSnapHeader (type 0x806) ns3::ArpHeader (reply source mac: 00-06-00:00:00:00:00:04 source ipv4: 192.168.1.4 dest mac: 00-06-00:00:00:00:00:01 dest ipv4: 192.168.1.1) ns3::WifiMacTrailer ()" />
<wpr uId="31" tId="2" fbRx="2.02813714" lbRx="0" />
<wpr uId="31" tId="1" fbRx="2.028137147" lbRx="0" />
<wpr uId="31" tId="0" fbRx="2.028137204" lbRx="0" />
<wpr uId="31" tId="4" fbRx="2.028137239" lbRx="0" />
<pr uId="32" fId="0" fbTx="2.028847204" meta-info="ns3::WifiMacHeader (CTL_ACK Duration/ID=0us, RA=00:00:00:00:00:04) ns3::WifiMacTrailer ()" />
<wpr uId="32" tId="4" fbRx="2.028851239" lbRx="0" />
<wpr uId="32" tId="3" fbRx="2.028851324" lbRx="0" />
<wpr uId="32" tId="1" fbRx="2.028851328" lbRx="0" />
<wpr uId="32" tId="2" fbRx="2.028851328" lbRx="0" />
<pr uId="33" fId="0" fbTx="2.029481204" meta-info="ns3::WifiMacHeader (CTL_RTS Duration/ID=5438us, RA=00:00:00:00:00:04, TA=00:00:00:00:00:01) ns3::WifiMacTrailer ()" />
<wpr uId="33" tId="4" fbRx="2.029485239" lbRx="0" />
<wpr uId="33" tId="3" fbRx="2.029485324" lbRx="0" />
<wpr uId="33" tId="1" fbRx="2.029485328" lbRx="0" />
<wpr uId="33" tId="2" fbRx="2.029485328" lbRx="0" />
<pr uId="34" fId="3" fbTx="2.029843324" meta-info="ns3::WifiMacHeader (CTL_CTS Duration/ID=5124us, RA=00:00:00:00:00:01) ns3::WifiMacTrailer ()" />
<wpr uId="34" tId="2" fbRx="2.02984738" lbRx="0" />
<wpr uId="34" tId="1" fbRx="2.029847387" lbRx="0" />
<wpr uId="34" tId="0" fbRx="2.029847444" lbRx="0" />
<wpr uId="34" tId="4" fbRx="2.029847479" lbRx="0" />
<pr uId="35" fId="0" fbTx="2.030157444" meta-info="ns3::WifiMacHeader (DATA ToDS=0, FromDS=0, MoreFrag=0, Retry=0, MoreData=0 Duration/ID=314us, DA=00:00:00:00:00:04, SA=00:00:00:00:00:01, BSSID=00:00:00:00:00:01, FragNumber=0, SeqNumber=6) ns3::LlcSnapHeader (type 0x800) ns3::Ipv4Header (tos 0x0 DSCP Default ECN Not-ECT ttl 64 id 0 protocol 17 offset (bytes) 0 flags [none] length: 540 192.168.1.1 &gt; 192.168.1.4) ns3::UdpHeader (length: 520 20 &gt; 49153) Payload (size=512) ns3::WifiMacTrailer ()" />
<wpr uId="35" tId="4" fbRx="2.030161479" lbRx="0" />
<wpr uId="35" tId="3" fbRx="2.030161564" lbRx="0" />
<wpr uId="35" tId="1" fbRx="2.030161568" lbRx="0" />
<wpr uId="35" tId="2" fbRx="2.030161568" lbRx="0" />
<pr uId="36" fId="3" fbTx="2.034967564" meta-info="ns3::WifiMacHeader (CTL_ACK Duration/ID=0us, RA=00:00:00:00:00:01) ns3::WifiMacTrailer ()" />
<wpr uId="36" tId="2" fbRx="2.03497162" lbRx="0" />
<wpr uId="36" tId="1" fbRx="2.034971627" lbRx="0" />
<wpr uId="36" tId="0" fbRx="2.034971684" lbRx="0" />
<wpr uId="36" tId="4" fbRx="2.034971719" lbRx="0" />
<nu p="p" t="2.08810625" id="3" x="68.53085611" y="69.75193669" />
<nu p="p" t="2.108328811" id="1" x="66.58136032" y="88.72276336" />
<nu p="p" t="2.124767299" id="2" x="67.44906178" y="86.74102066" />
<nu p="p" t="2.25" id="0" x="32.39776882" y="72.80119273" />
<nu p="p" t="2.25" id="2" x="67.25923359" y="87.156209" />
<nu p="p" t="2.25" id="3" x="68.85419357" y="70.01851249" />
<nu p="p" t="2.25" id="4" x="21.53659634" y="72.30682636" />
<nu p="p" t="2.265752079" id="4" x="21.49047661" y="72.3458206" />
<nu p="p" t="2.335149491" id="0" x="32.29667908" y="72.64251213" />
<nu p="p" t="2.399083916" id="2" x="67.03325164" y="87.6504721" />
<nu p="p" t="2.471370829" id="1" x="67.27604555" y="88.0034495" />
<nu p="p" t="2.474433858" id="3" x="69.30243739" y="70.38806743" />
<nu p="p" t="2.5" id="2" x="66.65713398" y="87.54250802" />
<nu p="p" t="2.5" id="4" x="22.18032828" y="71.9878806" />
<nu p="p" t="2.567157731" id="4" x="22.37810538" y="71.88526096" />
<nu p="p" t="2.656979189" id="2" x="66.07206723" y="87.37456537" />
<nu p="p" t="2.694951551" id="0" x="31.68528818" y="71.8511834" />
<nu p="p" t="2.729978943" id="3" x="68.33984992" y="70.11709628" />
<nu p="p" t="2.740325155" id="1" x="66.94218086" y="88.94607051" />
<nu p="p" t="2.75" id="2" x="65.97711991" y="87.64793638" />
<nu p="p" t="2.841296616" id="4" x="22.45290146" y="70.88806211" />
<nu p="p" t="2.946021351" id="0" x="32.37314103" y="71.12533325" />
<nu p="p" t="2.978416487" id="2" x="65.7439728" y="88.3192103" />
<nc c="1" i="0" t="3" v="7" />
<nc c="2" i="0" t="3" v="0" />
<nc c="3" i="0" t="3" v="7" />
<nc c="4" i="0" t="3" v="0" />
<nc c="1" i="1" t="3" v="0" />
<nc c="2" i="1" t="3" v="0" />
<nc c="3" i="1" t="3" v="4" />
<nc c="4" i="1" t="3" v="0" />
<nc c="1" i="2" t="3" v="0" />
<nc c="2" i="2" t="3" v="0" />
<nc c="3" i="2" t="3" v="4" />
<nc c="4" i="2" t="3" v="0" />
<nc c="1" i="3" t="3" v="3" />
<nc c="2" i="3" t="3" v="0" />
<nc c="3" i="3" t="3" v="5" />
<nc c="4" i="3" t="3" v="0" />
<nc c="1" i="4" t="3" v="4" />
<nc c="2" i="4" t="3" v="0" />
<nc c="3" i="4" t="3" v="6" />
<nc c="4" i="4" t="3" v="0" />
<nc c="5" i="0" t="3" v="0" />
<nc c="6" i="0" t="3" v="0" />
<nc c="5" i="1" t="3" v="0" />
<nc c="6" i="1" t="3" v="0" />
<nc c="5" i="2" t="3" v="0" />
<nc c="6" i="2" t="3" v="0" />
<nc c="5" i="3" t="3" v="0" />
<nc c="6" i="3" t="3" v="0" />
<nc c="5" i="4" t="3" v="0" />
<nc c="6" i="4" t="3" v="0" />
<nu p="p" t="3" id="1" x="67.00230776" y="89.91473437" />
<nu p="p" t="3" id="4" x="22.3522363" y="71.21806204" />
<nu p="p" t="3.007885497" id="1" x="67.00413362" y="89.9441496" />
<nu p="p" t="3.07044992" id="1" x="67.20157895" y="90" />
<nu p="p" t="3.086344053" id="3" x="68.92758248" y="70.92615156" />
<nu p="p" t="3.215622435" id="0" x="32.34830669" y="72.12502483" />
<nu p="p" t="3.243205388" id="2" x="64.95166832" y="88.9293362" />
<nu p="p" t="3.25" id="3" x="69.35606201" y="71.24468072" />
<nu p="p" t="3.301290149" id="4" x="22.16112871" y="71.84454978" />
<nu p="p" t="3.312791626" id="1" x="67.96637842" y="89.78366488" />
<nu p="p" t="3.392869864" id="3" x="69.73011999" y="71.52275322" />
<nu p="p" t="3.495688058" id="0" x="32.07520792" y="73.08701083" />
<nu p="p" t="3.5" id="1" x="68.36724547" y="89.53656423" />
<nu p="p" t="3.5" id="2" x="64.84057543" y="87.97647351" />
<nu p="p" t="3.5" id="4" x="21.55219789" y="71.65509196" />
<nu p="p" t="3.510890247" id="2" x="64.83586416" y="87.93606413" />
<nu p="p" t="3.612882733" id="4" x="21.20627758" y="71.5474651" />
<nu p="p" t="3.687733266" id="3" x="69.72402188" y="70.52277181" />
<nu p="p" t="3.71034038" id="1" x="68.81764481" y="89.25893111" />
<nu p="p" t="3.75" id="0" x="32.25280538" y="72.38016351" />
<nu p="p" t="3.844626125" id="0" x="32.31888706" y="72.11715493" />
<nu p="p" t="3.896628882" id="2" x="64.08013617" y="87.28117849" />
<nc c="1" i="0" t="4" v="7" />
<nc c="2" i="0" t="4" v="0" />
<nc c="3" i="0" t="4" v="7" />
<nc c="4" i="0" t="4" v="0" />
<nc c="1" i="1" t="4" v="0" />
<nc c="2" i="1" t="4" v="0" />
<nc c="3" i="1" t="4" v="4" />
<nc c="4" i="1" t="4" v="0" />
<nc c="1" i="2" t="4" v="0" />
<nc c="2" i="2" t="4" v="0" />
<nc c="3" i="2" t="4" v="4" />
<nc c="4" i="2" t="4" v="0" />
<nc c="1" i="3" t="4" v="4" />
<nc c="2" i="3" t="4" v="0" />
<nc c="3" i="3" t="4" v="5" />
<nc c="4" i="3" t="4" v="0" />
<nc c="1" i="4" t="4" v="4" />
<nc c="2" i="4" t="4" v="0" />
<nc c="3" i="4" t="4" v="6" />
<nc c="4" i="4" t="4" v="0" />
<nc c="5" i="0" t="4" v="0" />
<nc c="6" i="0" t="4" v="0" />
<nc c="5" i="1" t="4" v="0" />
<nc c="6" i="1" t="4" v="0" />
<nc c="5" i="2" t="4" v="0" />
<nc c="6" i="2" t="4" v="0" />
<nc c="5" i="3" t="4" v="0" />
<nc c="6" i="3" t="4" v="0" />
<nc c="5" i="4" t="4" v="0" />
<nc c="6" i="4" t="4" v="0" />
<nu p="p" t="4" id="1" x="68.12499701" y="88.58718346" />
<nu p="p" t="4" id="2" x="63.73751254" y="87.21694825" />
<nu p="p" t="4" id="3" x="70.3113401" y="69.89065101" />
<nu p="p" t="4" id="4" x="21.04140006" y="70.61931926" />
<pr uId="37" fId="3" fbTx="4.00005" meta-info="ns3::WifiMacHeader (CTL_RTS Duration/ID=5438us, RA=00:00:00:00:00:01, TA=00:00:00:00:00:04) ns3::WifiMacTrailer ()" />
<wpr uId="37" tId="2" fbRx="4.000054062" lbRx="0" />
<wpr uId="37" tId="1" fbRx="4.000054063" lbRx="0" />
<wpr uId="37" tId="0" fbRx="4.000054127" lbRx="0" />
<wpr uId="37" tId="4" fbRx="4.000054164" lbRx="0" />
<pr uId="38" fId="0" fbTx="4.000412127" meta-info="ns3::WifiMacHeader (CTL_CTS Duration/ID=5124us, RA=00:00:00:00:00:04) ns3::WifiMacTrailer ()" />
<wpr uId="38" tId="4" fbRx="4.000416165" lbRx="0" />
<wpr uId="38" tId="2" fbRx="4.000416243" lbRx="0" />
<wpr uId="38" tId="3" fbRx="4.000416254" lbRx="0" />
<wpr uId="38" tId="1" fbRx="4.000416258" lbRx="0" />
<pr uId="39" fId="3" fbTx="4.000726254" meta-info="ns3::WifiMacHeader (DATA ToDS=0, FromDS=0, MoreFrag=0, Retry=0, MoreData=0 Duration/ID=314us, DA=00:00:00:00:00:01, SA=00:00:00:00:00:04, BSSID=00:00:00:00:00:04, FragNumber=0, SeqNumber=3) ns3::LlcSnapHeader (type 0x800) ns3::Ipv4Header (tos 0x0 DSCP Default ECN Not-ECT ttl 64 id 1 protocol 17 offset (bytes) 0 flags [none] length: 540 192.168.1.4 &gt; 192.168.1.1) ns3::UdpHeader (length: 520 49153 &gt; 20) Payload (size=512) ns3::WifiMacTrailer ()" />
<wpr uId="39" tId="2" fbRx="4.000730316" lbRx="0" />
<wpr uId="39" tId="1" fbRx="4.000730317" lbRx="0" />
<wpr uId="39" tId="0" fbRx="4.000730381" lbRx="0" />
<wpr uId="39" tId="4" fbRx="4.000730418" lbRx="0" />
<pr uId="40" fId="0" fbTx="4.005536381" meta-info="ns3::WifiMacHeader (CTL_ACK Duration/ID=0us, RA=00:00:00:00:00:04) ns3::WifiMacTrailer ()" />
<wpr uId="40" tId="4" fbRx="4.005540419" lbRx="0" />
<wpr uId="40" tId="2" fbRx="4.005540496" lbRx="0" />
<wpr uId="40" tId="3" fbRx="4.005540508" lbRx="0" />
<wpr uId="40" tId="1" fbRx="4.005540512" lbRx="0" />
<pr uId="41" fId="0" fbTx="4.005890381" meta-info="ns3::WifiMacHeader (CTL_RTS Duration/ID=5438us, RA=00:00:00:00:00:04, TA=00:00:00:00:00:01) ns3::WifiMacTrailer ()" />
<wpr uId="41" tId="4" fbRx="4.005894419" lbRx="0" />
<wpr uId="41" tId="2" fbRx="4.005894496" lbRx="0" />
<wpr uId="41" tId="3" fbRx="4.005894508" lbRx="0" />
<wpr uId="41" tId="1" fbRx="4.005894512" lbRx="0" />
<pr uId="42" fId="3" fbTx="4.006252508" meta-info="ns3::WifiMacHeader (CTL_CTS Duration/ID=5124us, RA=00:00:00:00:00:01) ns3::WifiMacTrailer ()" />
<wpr uId="42" tId="2" fbRx="4.00625657" lbRx="0" />
<wpr uId="42" tId="1" fbRx="4.006256571" lbRx="0" />
<wpr uId="42" tId="0" fbRx="4.006256635" lbRx="0" />
<wpr uId="42" tId="4" fbRx="4.006256672" lbRx="0" />
<pr uId="43" fId="0" fbTx="4.006566635" meta-info="ns3::WifiMacHeader (DATA ToDS=0, FromDS=0, MoreFrag=0, Retry=0, MoreData=0 Duration/ID=314us, DA=00:00:00:00:00:04, SA=00:00:00:00:00:01, BSSID=00:00:00:00:00:01, FragNumber=0, SeqNumber=7) ns3::LlcSnapHeader (type 0x800) ns3::Ipv4Header (tos 0x0 DSCP Default ECN Not-ECT ttl 64 id 1 protocol 17 offset (bytes) 0 flags [none] length: 540 192.168.1.1 &gt; 192.168.1.4) ns3::UdpHeader (length: 520 20 &gt; 49153) Payload (size=512) ns3::WifiMacTrailer ()" />
<wpr uId="43" tId="4" fbRx="4.006570673" lbRx="0" />
<wpr uId="43" tId="2" fbRx="4.00657075" lbRx="0" />
<wpr uId="43" tId="3" fbRx="4.006570762" lbRx="0" />
<wpr uId="43" tId="1" fbRx="4.006570766" lbRx="0" />
<nu p="p" t="4.010541112" id="1" x="68.09979061" y="88.56273764" />
<pr uId="44" fId="3" fbTx="4.011376762" meta-info="ns3::WifiMacHeader (CTL_ACK Duration/ID=0us, RA=00:00:00:00:00:01) ns3::WifiMacTrailer ()" />
<wpr uId="44" tId="2" fbRx="4.011380824" lbRx="0" />
<wpr uId="44" tId="1" fbRx="4.011380825" lbRx="0" />
<wpr uId="44" tId="0" fbRx="4.011380889" lbRx="0" />
<wpr uId="44" tId="4" fbRx="4.011380926" lbRx="0" />
<nu p="p" t="4.023540257" id="4" x="21.031374" y="70.56287953" />
<nu p="p" t="4.049632537" id="3" x="70.40469008" y="69.79017998" />
<nu p="p" t="4.193167752" id="2" x="63.09725791" y="87.09692236" />
<nu p="p" t="4.23928571" id="0" x="32.4987487" y="73.10084684" />
<nu p="p" t="4.25" id="1" x="67.60490794" y="87.91788747" />
<nu p="p" t="4.25" id="4" x="20.76060585" y="70.08989749" />
<nu p="p" t="4.305129395" id="1" x="67.49097364" y="87.76942692" />
<nu p="p" t="4.366929731" id="3" x="71.20681078" y="69.19301804" />
<nu p="p" t="4.43906104" id="4" x="20.53455371" y="69.69502609" />
<nu p="p" t="4.5" id="0" x="31.86118913" y="72.87870064" />
<nu p="p" t="4.5" id="1" x="67.45289186" y="88.27107327" />
<nu p="p" t="4.5" id="2" x="63.9096411" y="86.98589495" />
<nu p="p" t="4.567383047" id="2" x="64.08804756" y="86.96151235" />
<nu p="p" t="4.625441755" id="0" x="31.5544296" y="72.77181578" />
<nu p="p" t="4.651870545" id="3" x="70.90063312" y="70.14499243" />
<nu p="p" t="4.692477" id="1" x="67.41527784" y="88.76655787" />
<nu p="p" t="4.719313299" id="4" x="21.42090021" y="70.15804865" />
<nu p="p" t="4.75" id="0" x="31.52103015" y="73.25235151" />
<nu p="p" t="4.75" id="3" x="70.87557228" y="69.92630764" />
<nu p="p" t="4.884024955" id="0" x="31.48509227" y="73.76940905" />
<nu p="p" t="4.988448405" id="4" x="22.41031874" y="70.30313817" />
<nc c="1" i="0" t="5" v="8" />
<nc c="2" i="0" t="5" v="0" />
<nc c="3" i="0" t="5" v="8" />
<nc c="4" i="0" t="5" v="0" />
<nc c="1" i="1" t="5" v="0" />
<nc c="2" i="1" t="5" v="0" />
<nc c="3" i="1" t="5" v="4" />
<nc c="4" i="1" t="5" v="0" />
<nc c="1" i="2" t="5" v="0" />
<nc c="2" i="2" t="5" v="0" />
<nc c="3" i="2" t="5" v="4" />
<nc c="4" i="2" t="5" v="0" />
<nc c="1" i="3" t="5" v="4" />
<nc c="2" i="3" t="5" v="0" />
<nc c="3" i="3" t="5" v="6" />
<nc c="4" i="3" t="5" v="0" />
<nc c="1" i="4" t="5" v="4" />
<nc c="2" i="4" t="5" v="0" />
<nc c="3" i="4" t="5" v="6" />
<nc c="4" i="4" t="5" v="0" />
<nc c="5" i="0" t="5" v="0" />
<nc c="6" i="0" t="5" v="0" />
<nc c="5" i="1" t="5" v="0" />
<nc c="6" i="1" t="5" v="0" />
<nc c="5" i="2" t="5" v="0" />
<nc c="6" i="2" t="5" v="0" />
<nc c="5" i="3" t="5" v="0" />
<nc c="6" i="3" t="5" v="0" />
<nc c="5" i="4" t="5" v="0" />
<nc c="6" i="4" t="5" v="0" />
<nu p="p" t="5" id="0" x="31.27625357" y="74.09102144" />
<nu p="p" t="5" id="1" x="67.33324628" y="89.58536887" />
<nu p="p" t="5.042109557" id="2" x="64.98740915" y="86.52430676" />
<nu p="p" t="5.066178931" id="1" x="67.3155931" y="89.76157695" />
<nu p="p" t="5.097678322" id="3" x="70.78678029" y="69.15149481" />
<nu p="p" t="5.18646187" id="0" x="30.94048776" y="74.60810205" />
<nu p="p" t="5.25" id="2" x="65.14563669" y="87.043305" />
<nu p="p" t="5.25" id="3" x="70.62434749" y="68.58976135" />
<nu p="p" t="5.251205105" id="1" x="67.71832792" y="90" />
<nu p="p" t="5.318753738" id="4" x="22.92177197" y="71.16244929" />
<nu p="p" t="5.358169979" id="3" x="70.50899718" y="68.19085098" />
<nu p="p" t="5.425259894" id="2" x="65.27902879" y="87.48084112" />
<nu p="p" t="5.461518762" id="1" x="68.17610441" y="89.72899172" />
<nu p="p" t="5.5" id="0" x="30.48805377" y="75.19457554" />
<nu p="p" t="5.5" id="4" x="23.19341869" y="70.64667773" />
<nu p="p" t="5.609757315" id="0" x="30.3296745" y="75.39987674" />
<nu p="p" t="5.629674372" id="4" x="23.38777094" y="70.27766403" />
<nu p="p" t="5.735572465" id="3" x="70.88603025" y="69.11705079" />
<nu p="p" t="5.745000156" id="2" x="66.19031626" y="87.06907037" />
<nu p="p" t="5.75" id="0" x="29.90066655" y="75.49703557" />
<nu p="p" t="5.75" id="1" x="67.94851361" y="88.95395215" />
<nu p="p" t="5.818653971" id="1" x="67.89435059" y="88.76950499" />
<nu p="p" t="5.928583203" id="0" x="29.35437343" y="75.62075636" />
<nu p="p" t="5.976026953" id="4" x="23.32742756" y="71.27584171" />
<nc c="1" i="0" t="6" v="8" />
<nc c="2" i="0" t="6" v="0" />
<nc c="3" i="0" t="6" v="8" />
<nc c="4" i="0" t="6" v="0" />
<nc c="1" i="1" t="6" v="0" />
<nc c="2" i="1" t="6" v="0" />
<nc c="3" i="1" t="6" v="4" />
<nc c="4" i="1" t="6" v="0" />
<nc c="1" i="2" t="6" v="0" />
<nc c="2" i="2" t="6" v="0" />
<nc c="3" i="2" t="6" v="4" />
<nc c="4" i="2" t="6" v="0" />
<nc c="1" i="3" t="6" v="4" />
<nc c="2" i="3" t="6" v="0" />
<nc c="3" i="3" t="6" v="6" />
<nc c="4" i="3" t="6" v="0" />
<nc c="1" i="4" t="6" v="4" />
<nc c="2" i="4" t="6" v="0" />
<nc c="3" i="4" t="6" v="6" />
<nc c="4" i="4" t="6" v="0" />
<nc c="5" i="0" t="6" v="0" />
<nc c="6" i="0" t="6" v="0" />
<nc c="5" i="1" t="6" v="0" />
<nc c="6" i="1" t="6" v="0" />
<nc c="5" i="2" t="6" v="0" />
<nc c="6" i="2" t="6" v="0" />
<nc c="5" i="3" t="6" v="0" />
<nc c="6" i="3" t="6" v="0" />
<nc c="5" i="4" t="6" v="0" />
<nc c="6" i="4" t="6" v="0" />
<nu p="p" t="6" id="1" x="68.25860353" y="88.74340313" />
<nu p="p" t="6" id="2" x="67.15371204" y="87.24098456" />
<nu p="p" t="6" id="3" x="71.43254109" y="68.35425035" />
<nu p="p" t="6.005572526" id="2" x="67.17476518" y="87.24474141" />
<nu p="p" t="6.01736694" id="3" x="71.46843456" y="68.30415152" />
<nu p="p" t="6.25" id="0" x="28.83312326" y="74.77963552" />
<nu p="p" t="6.25" id="2" x="66.65958034" y="87.27545074" />
<nu p="p" t="6.25" id="3" x="70.67194861" y="68.17402051" />
<nu p="p" t="6.253398123" id="0" x="28.82761243" y="74.77074291" />
<nu p="p" t="6.305619326" id="3" x="70.48151991" y="68.142908" />
<nu p="p" t="6.315238064" id="1" x="68.89179296" y="88.69802964" />
<nu p="p" t="6.411111323" id="4" x="24.30955185" y="71.08760816" />
<nu p="p" t="6.479178049" id="2" x="66.17653704" y="87.30424417" />
<nu p="p" t="6.5" id="1" x="69.53645813" y="88.84520312" />
<nu p="p" t="6.594650671" id="1" x="69.86671009" y="88.9205978" />
<nu p="p" t="6.597044266" id="3" x="70.73752738" y="69.10958281" />
<nu p="p" t="6.72402623" id="0" x="28.36912381" y="73.88204264" />
<nu p="p" t="6.724688488" id="4" x="24.00107609" y="72.03884036" />
<nu p="p" t="6.75" id="1" x="70.11505924" y="89.41648738" />
<nu p="p" t="6.75" id="3" x="70.72026292" y="68.53433371" />
<nu p="p" t="6.75" id="4" x="23.94020777" y="72.04368133" />
<nu p="p" t="6.852075418" id="2" x="66.69096132" y="88.16177997" />
<nu p="p" t="6.862819379" id="3" x="70.70752874" y="68.11003287" />
<nu p="p" t="6.874760064" id="1" x="70.31450688" y="89.81473316" />
<nc c="1" i="0" t="7" v="8" />
<nc c="2" i="0" t="7" v="0" />
<nc c="3" i="0" t="7" v="8" />
<nc c="4" i="0" t="7" v="0" />
<nc c="1" i="1" t="7" v="0" />
<nc c="2" i="1" t="7" v="0" />
<nc c="3" i="1" t="7" v="4" />
<nc c="4" i="1" t="7" v="0" />
<nc c="1" i="2" t="7" v="0" />
<nc c="2" i="2" t="7" v="0" />
<nc c="3" i="2" t="7" v="4" />
<nc c="4" i="2" t="7" v="0" />
<nc c="1" i="3" t="7" v="4" />
<nc c="2" i="3" t="7" v="0" />
<nc c="3" i="3" t="7" v="6" />
<nc c="4" i="3" t="7" v="0" />
<nc c="1" i="4" t="7" v="4" />
<nc c="2" i="4" t="7" v="0" />
<nc c="3" i="4" t="7" v="6" />
<nc c="4" i="4" t="7" v="0" />
<nc c="5" i="0" t="7" v="0" />
<nc c="6" i="0" t="7" v="0" />
<nc c="5" i="1" t="7" v="0" />
<nc c="6" i="1" t="7" v="0" />
<nc c="5" i="2" t="7" v="0" />
<nc c="6" i="2" t="7" v="0" />
<nc c="5" i="3" t="7" v="0" />
<nc c="6" i="3" t="7" v="0" />
<nc c="5" i="4" t="7" v="0" />
<nc c="6" i="4" t="7" v="0" />
<nu p="p" t="7" id="2" x="66.82661489" y="87.58858886" />
<nu p="p" t="7.038545948" id="0" x="28.71480733" y="72.94369148" />
<nu p="p" t="7.103210243" id="2" x="66.92126337" y="87.18866078" />
<nu p="p" t="7.139220013" id="4" x="23.00422382" y="72.11812178" />
<nu p="p" t="7.17879594" id="1" x="70.62327222" y="88.86359492" />
<nu p="p" t="7.184038896" id="3" x="69.98863139" y="68.80514911" />
<nu p="p" t="7.25" id="0" x="28.08056571" y="73.13719933" />
<nu p="p" t="7.25" id="3" x="70.21285141" y="68.89822516" />
<nu p="p" t="7.25" id="4" x="22.85226829" y="72.40884088" />
<nu p="p" t="7.357430856" id="0" x="27.75833438" y="73.23551249" />
<nu p="p" t="7.412509965" id="2" x="66.94178439" y="88.1884502" />
<nu p="p" t="7.455739788" id="3" x="70.91221782" y="69.18853937" />
<nu p="p" t="7.476926088" id="4" x="22.54099661" y="73.00436134" />
<nu p="p" t="7.5" id="0" x="28.21583264" y="73.27391398" />
<nu p="p" t="7.5" id="1" x="69.93860942" y="88.31336408" />
<nu p="p" t="7.5" id="2" x="67.09716117" y="88.01784926" />
<nu p="p" t="7.5" id="3" x="71.00651811" y="69.07043784" />
<nu p="p" t="7.5" id="4" x="22.56437071" y="72.93878898" />
<nu p="p" t="7.544481863" id="1" x="69.84379406" y="88.23716551" />
<nu p="p" t="7.667966552" id="0" x="28.75483009" y="73.31915635" />
<nu p="p" t="7.748600103" id="3" x="71.53618255" y="68.40708687" />
<nu p="p" t="7.75" id="1" x="69.92848541" y="87.59000833" />
<nu p="p" t="7.75" id="2" x="67.5411454" y="87.53036249" />
<nu p="p" t="7.791661263" id="2" x="67.61513318" y="87.44912523" />
<nu p="p" t="7.80838206" id="4" x="22.87676479" y="72.06241668" />
<nu p="p" t="7.859367594" id="1" x="69.97355437" y="87.24562011" />
<nc c="1" i="0" t="8" v="8" />
<nc c="2" i="0" t="8" v="0" />
<nc c="3" i="0" t="8" v="8" />
<nc c="4" i="0" t="8" v="0" />
<nc c="1" i="1" t="8" v="0" />
<nc c="2" i="1" t="8" v="0" />
<nc c="3" i="1" t="8" v="4" />
<nc c="4" i="1" t="8" v="0" />
<nc c="1" i="2" t="8" v="0" />
<nc c="2" i="2" t="8" v="0" />
<nc c="3" i="2" t="8" v="4" />
<nc c="4" i="2" t="8" v="0" />
<nc c="1" i="3" t="8" v="4" />
<nc c="2" i="3" t="8" v="0" />
<nc c="3" i="3" t="8" v="6" />
<nc c="4" i="3" t="8" v="0" />
<nc c="1" i="4" t="8" v="4" />
<nc c="2" i="4" t="8" v="0" />
<nc c="3" i="4" t="8" v="6" />
<nc c="4" i="4" t="8" v="0" />
<nc c="5" i="0" t="8" v="0" />
<nc c="6" i="0" t="8" v="0" />
<nc c="5" i="1" t="8" v="0" />
<nc c="6" i="1" t="8" v="0" />
<nc c="5" i="2" t="8" v="0" />
<nc c="6" i="2" t="8" v="0" />
<nc c="5" i="3" t="8" v="0" />
<nc c="6" i="3" t="8" v="0" />
<nc c="5" i="4" t="8" v="0" />
<nc c="6" i="4" t="8" v="0" />
<nu p="p" t="8" id="3" x="71.91803854" y="69.22425464" />
<nu p="p" t="8" id="4" x="22.65980636" y="71.59079802" />
<nu p="p" t="8.027318554" id="3" x="71.9595332" y="69.31305277" />
<nu p="p" t="8.129321662" id="2" x="66.65330582" y="87.72278219" />
<nu p="p" t="8.13947777" id="0" x="27.94328297" y="73.90344334" />
<nu p="p" t="8.177496225" id="4" x="22.45883717" y="71.15393636" />
<nu p="p" t="8.209684319" id="1" x="69.06100763" y="86.83664768" />
<nu p="p" t="8.25" id="0" x="27.65231391" y="74.22064539" />
<nu p="p" t="8.25" id="4" x="22.46838882" y="70.91504284" />
<nu p="p" t="8.393779447" id="2" x="65.69490717" y="87.43734912" />
<nu p="p" t="8.396242406" id="0" x="27.26730525" y="74.64036539" />
<nu p="p" t="8.480752223" id="4" x="22.49878811" y="70.15473472" />
<nu p="p" t="8.48492132" id="3" x="71.04918696" y="69.72690025" />
<nu p="p" t="8.544540902" id="1" x="70.03717935" y="86.61964819" />
<nu p="p" t="8.744140479" id="3" x="71.42463143" y="70.65374514" />
<nu p="p" t="8.75" id="0" x="27.59622712" y="73.84505296" />
<nu p="p" t="8.75" id="1" x="69.33981099" y="86.29727812" />
<nu p="p" t="8.75" id="2" x="64.97560106" y="87.9764318" />
<nu p="p" t="8.75" id="4" x="22.75961332" y="69.2492063" />
<nu p="p" t="8.766473663" id="4" x="22.77557166" y="69.19380242" />
<nu p="p" t="8.79006681" id="2" x="64.89469528" y="88.03706649" />
<nu p="p" t="8.807279713" id="0" x="27.64948548" y="73.71627759" />
<nu p="p" t="8.811970323" id="1" x="69.12947159" y="86.20004526" />
<nc c="1" i="0" t="9" v="8" />
<nc c="2" i="0" t="9" v="0" />
<nc c="3" i="0" t="9" v="8" />
<nc c="4" i="0" t="9" v="0" />
<nc c="1" i="1" t="9" v="0" />
<nc c="2" i="1" t="9" v="0" />
<nc c="3" i="1" t="9" v="4" />
<nc c="4" i="1" t="9" v="0" />
<nc c="1" i="2" t="9" v="0" />
<nc c="2" i="2" t="9" v="0" />
<nc c="3" i="2" t="9" v="4" />
<nc c="4" i="2" t="9" v="0" />
<nc c="1" i="3" t="9" v="4" />
<nc c="2" i="3" t="9" v="0" />
<nc c="3" i="3" t="9" v="6" />
<nc c="4" i="3" t="9" v="0" />
<nc c="1" i="4" t="9" v="4" />
<nc c="2" i="4" t="9" v="0" />
<nc c="3" i="4" t="9" v="6" />
<nc c="4" i="4" t="9" v="0" />
<nc c="5" i="0" t="9" v="0" />
<nc c="6" i="0" t="9" v="0" />
<nc c="5" i="1" t="9" v="0" />
<nc c="6" i="1" t="9" v="0" />
<nc c="5" i="2" t="9" v="0" />
<nc c="6" i="2" t="9" v="0" />
<nc c="5" i="3" t="9" v="0" />
<nc c="6" i="3" t="9" v="0" />
<nc c="5" i="4" t="9" v="0" />
<nc c="6" i="4" t="9" v="0" />
<nu p="p" t="9" id="0" x="28.12360287" y="74.11859949" />
<nu p="p" t="9" id="1" x="68.79464141" y="86.46606236" />
<nu p="p" t="9" id="2" x="64.41176595" y="87.97351477" />
<nu p="p" t="9" id="3" x="70.74190438" y="71.16469966" />
<nu p="p" t="9" id="4" x="23.03379029" y="68.80222061" />
<nu p="p" t="9.044179274" id="3" x="70.62401787" y="71.2529262" />
<nu p="p" t="9.11721306" id="0" x="28.41196249" y="74.36329289" />
<nu p="p" t="9.221058849" id="2" x="63.90324321" y="87.90659506" />
<nu p="p" t="9.25" id="3" x="70.5623989" y="70.55649874" />
<nu p="p" t="9.25166138" id="1" x="68.34650033" y="86.82210313" />
<nu p="p" t="9.264338575" id="4" x="23.32607914" y="68.3589722" />
<nu p="p" t="9.33856714" id="3" x="70.53588351" y="70.2568176" />
<nu p="p" t="9.424767852" id="0" x="29.37514385" y="74.09444038" />
<nu p="p" t="9.5" id="1" x="67.85448975" y="87.37956454" />
<nu p="p" t="9.5" id="3" x="70.50678557" y="69.70223156" />
<nu p="p" t="9.5" id="4" x="23.42506594" y="69.09886408" />
<nu p="p" t="9.580033782" id="4" x="23.45868319" y="69.35014129" />
<nu p="p" t="9.585660609" id="1" x="67.68477822" y="87.57185233" />
<nu p="p" t="9.595312358" id="2" x="63.66052164" y="86.93649906" />
<nu p="p" t="9.629254431" id="3" x="70.48348772" y="69.2581912" />
<nu p="p" t="9.694634567" id="0" x="29.99397735" y="74.87996256" />
<nu p="p" t="9.75" id="0" x="30.09049828" y="74.82180623" />
<nu p="p" t="9.75" id="1" x="68.00499964" y="87.97090146" />
<nu p="p" t="9.75" id="4" x="23.10634233" y="68.88850441" />
<nu p="p" t="9.872708291" id="4" x="22.8519674" y="68.55522245" />
<nu p="p" t="9.90685785" id="1" x="68.310643" y="88.35178391" />
<nu p="p" t="9.969353667" id="2" x="62.6817694" y="86.73145258" />
</anim>
